Animal_ID,Own_Population,11,6,12,18,3,5,10,9,7,8,22,1,19,15,14,13,2,16,17,4,20,23,21
APPgoat1,11,0,1,0,0,2,1,0,1,2,0,2,0,0,0,1,0,1,0,0,0,4,1,1
APPgoat10,11,0,2,0,0,2,0,0,1,0,0,2,1,0,0,2,1,0,0,0,0,0,2,0
APPgoat11,11,0,1,1,2,4,1,0,1,0,1,5,0,0,0,1,0,1,0,0,1,2,2,2
APPgoat12,11,0,2,0,0,3,1,0,0,1,0,3,0,0,0,0,0,0,0,1,1,2,2,1
APPgoat13,11,0,1,1,0,5,1,1,1,0,0,4,0,0,0,1,0,0,1,1,2,1,2,0
APPgoat14,11,0,4,0,1,3,1,1,0,1,1,4,0,0,1,0,0,0,1,0,0,0,2,1
APPgoat15,11,0,3,0,2,1,0,1,1,1,0,2,0,0,0,0,0,1,1,1,2,0,2,1
APPgoat16,11,0,3,1,2,6,1,0,1,1,1,4,0,0,0,1,0,2,0,1,0,1,1,3
APPgoat17,11,0,3,0,1,4,2,1,0,1,2,1,0,0,0,1,1,0,0,0,1,1,4,0
APPgoat18,11,0,2,0,0,4,1,0,0,0,1,1,2,0,2,1,0,1,1,0,0,0,1,1
APPgoat19,11,0,2,0,0,3,3,0,0,1,2,0,0,0,0,1,1,0,0,0,0,1,3,1
APPgoat2,11,0,4,0,0,3,0,0,0,0,0,0,0,0,2,0,1,0,0,0,0,1,1,1
APPgoat20,11,0,2,0,2,0,1,1,0,2,1,1,1,0,0,0,0,1,0,0,1,0,1,0
APPgoat21,11,0,2,0,0,2,1,1,0,1,1,1,0,0,0,0,0,1,1,0,0,0,3,0
APPgoat22,11,0,1,0,1,1,0,0,0,1,2,1,1,0,0,1,1,0,0,1,0,1,1,0
APPgoat23,11,0,1,0,1,3,2,1,1,0,1,3,1,0,0,0,1,1,0,0,1,0,2,1
APPgoat24,6,3,0,1,0,0,3,0,1,2,0,0,0,0,1,1,2,0,0,0,0,0,0,0
APPgoat25,6,2,0,0,2,0,6,0,0,0,0,0,0,0,0,1,3,0,0,0,0,0,0,0
APPgoat26,6,1,0,0,1,0,7,1,0,0,0,0,0,0,0,0,2,0,0,0,0,0,0,0
APPgoat27,12,0,0,0,0,0,0,0,0,0,0,2,0,0,0,0,0,0,0,0,0,1,0,0
APPgoat28,12,0,0,0,0,0,0,0,0,0,0,0,0,0,0,0,0,0,0,0,0,1,0,0
APPgoat29,12,0,0,0,0,0,0,0,0,0,0,1,0,0,0,0,0,0,0,0,0,0,0,0
APPgoat3,11,0,2,0,0,1,0,1,0,2,0,2,0,0,0,0,1,1,0,0,0,1,2,2
APPgoat4,11,0,4,0,0,2,1,1,0,0,0,1,0,0,1,0,0,0,0,0,0,2,1,2
APPgoat5,11,0,4,0,1,2,1,0,0,3,2,2,0,1,0,1,0,1,1,0,0,3,3,2
APPgoat6,11,0,2,0,1,0,1,0,0,1,0,4,0,0,0,0,1,0,1,0,0,0,4,0
APPgoat7,11,0,3,0,0,1,0,0,0,2,1,1,0,0,0,0,0,3,2,0,0,2,2,1
APPgoat8,11,0,1,0,0,2,0,0,0,0,1,5,0,0,2,0,0,0,0,0,0,3,2,0
APPgoat9,11,0,0,0,0,2,1,1,0,0,1,1,0,0,2,2,1,0,0,0,0,2,1,0
BLZ07439,18,0,0,0,0,0,0,0,0,0,0,1,0,0,0,0,0,1,5,5,0,0,1,0
BLZ08130,18,0,2,0,0,0,0,0,0,0,0,0,0,0,0,1,0,0,7,4,0,1,0,0
BLZ10920,18,1,1,0,0,0,0,1,0,0,0,2,0,0,1,1,0,0,6,1,1,3,2,0
BLZ22430,18,0,1,1,0,1,1,0,0,0,0,3,0,0,0,3,0,0,4,4,0,1,1,1
BLZ24630,18,0,2,1,0,0,1,0,0,1,0,2,0,0,1,2,0,0,5,3,0,1,2,0
BLZ32530,18,0,0,0,0,0,0,0,0,0,0,3,0,0,0,0,0,0,6,3,0,0,2,0
BLZ39630,18,0,0,1,0,0,0,1,0,1,0,0,0,0,0,3,0,2,9,5,0,1,1,0
BLZ44330,18,0,0,1,0,1,1,0,0,0,0,1,0,0,0,1,0,1,8,5,1,1,1,0
BLZ46330,18,0,0,0,0,0,0,0,0,0,0,2,1,0,0,3,0,2,7,1,0,1,0,0
BLZ54803,18,2,0,0,0,0,0,0,0,0,1,1,0,0,0,3,0,1,1,4,0,1,4,0
BLZ56220,18,0,0,0,0,1,1,0,0,0,0,6,0,0,0,1,1,1,7,2,0,1,1,0
BLZ57230,18,0,1,0,0,0,0,1,0,0,0,0,0,2,0,0,0,0,3,1,0,1,1,0
BLZ60630,18,2,1,1,0,0,0,0,0,0,0,4,0,0,0,2,1,1,7,1,1,0,0,0
BLZ61930,18,1,0,2,0,1,1,0,0,0,0,2,1,0,0,2,1,0,5,1,0,1,2,0
BLZ62130,18,1,1,1,0,1,1,0,0,0,0,1,0,0,0,3,1,0,3,3,0,3,1,0
BLZ63120,18,0,0,0,0,0,1,0,0,0,0,1,2,1,0,0,0,0,3,4,0,0,1,0
BLZ63230,18,0,1,0,0,0,1,0,0,0,0,4,1,0,0,2,1,0,5,4,0,2,1,0
BLZ66130,18,0,0,0,0,0,0,0,0,0,0,4,0,0,0,0,0,0,7,2,0,0,2,2
BLZ67230,18,1,1,1,0,0,0,0,0,0,1,4,1,0,0,0,2,1,9,1,0,1,2,0
BLZ68330,18,0,1,0,0,0,0,0,0,0,1,4,0,0,0,0,0,0,11,3,0,1,5,2
BLZ69430,18,0,2,2,0,0,1,0,0,1,0,2,0,0,2,1,0,0,6,2,0,0,1,0
BLZ73320,18,0,1,0,0,0,0,0,1,0,0,4,1,1,0,1,0,1,3,4,1,0,1,0
BLZ73620,18,0,3,2,0,1,1,0,0,1,0,2,0,0,1,2,0,0,5,3,0,1,2,1
BLZ75920,18,0,2,1,0,1,0,0,0,0,0,4,0,0,1,0,0,0,2,2,0,0,1,0
BLZ76930,18,0,0,2,0,1,1,0,0,0,0,0,0,0,0,3,0,0,2,4,0,3,4,0
BLZ78630,18,0,0,1,0,0,0,0,0,0,0,4,0,0,1,3,0,0,3,1,0,2,3,0
BLZ82130,18,0,1,1,0,0,0,0,0,1,0,1,0,0,1,2,0,0,5,1,0,1,4,0
BLZ85830,18,0,0,0,0,0,0,0,0,0,0,0,0,0,0,0,0,1,6,4,0,1,1,0
BLZ86820,18,0,2,0,0,0,0,0,0,0,0,4,1,0,0,0,1,1,4,1,0,0,1,0
BLZ88730,18,0,4,1,0,1,0,0,0,0,0,1,0,0,1,2,0,0,9,4,0,1,1,1
BLZ89330,18,0,0,1,0,1,1,0,0,1,0,3,0,0,1,2,0,0,7,3,0,1,2,2
BLZ90530,18,0,0,0,0,0,1,0,0,0,0,2,0,0,0,0,0,0,3,5,0,0,1,0
BLZ92998,18,0,0,1,0,1,0,0,0,0,0,2,0,1,1,2,1,0,5,2,0,0,0,0
BLZ97830,18,0,0,0,0,0,1,0,0,0,0,1,0,0,0,1,0,0,5,2,0,1,0,0
CHAgoat116,3,2,0,0,0,0,0,0,1,0,0,0,0,0,1,0,0,0,0,0,0,1,3,0
CHAgoat117,3,3,1,0,0,0,1,1,1,0,0,1,0,0,2,2,0,0,0,0,0,1,2,0
CHAgoat118,3,2,0,0,1,0,1,0,1,0,0,2,0,0,1,1,0,2,0,0,0,0,4,0
CHAgoat119,3,3,0,0,0,0,0,0,0,0,0,2,1,0,2,1,0,0,2,0,1,0,3,1
CHAgoat120,3,7,0,1,0,0,0,0,0,0,0,1,0,0,0,0,0,0,0,0,1,1,1,0
CHAgoat121,3,6,0,0,1,0,0,1,0,0,0,1,1,0,1,1,0,1,0,0,1,0,0,1
CHAgoat122,3,5,0,1,1,0,1,0,0,0,0,4,1,0,0,1,0,0,0,0,1,1,1,0
CHAgoat123,6,0,0,0,0,0,4,0,2,1,0,1,0,0,0,1,0,1,1,0,0,0,0,1
CHAgoat124,6,0,0,0,0,1,1,1,0,0,1,2,1,0,0,1,0,0,1,0,1,1,2,0
CHAgoat125,6,0,0,0,0,0,1,0,1,1,0,0,0,0,0,2,1,2,1,0,0,1,1,0
CHAgoat126,6,0,0,0,0,0,5,0,0,0,0,0,0,0,0,2,2,0,0,0,0,0,2,1
CHAgoat127,6,1,0,0,1,0,4,0,1,0,0,0,0,0,0,3,2,1,0,0,0,0,1,1
CHAgoat128,6,2,0,0,0,0,4,0,1,0,0,0,0,0,1,3,0,2,1,0,1,0,1,0
CHAgoat129,6,0,0,0,0,0,7,0,0,1,0,0,0,0,0,0,0,0,0,0,0,0,0,1
CHAgoat130,12,0,0,0,0,0,0,0,0,0,0,0,0,0,1,1,0,1,0,0,0,0,1,0
CHAgoat131,12,0,0,0,0,0,0,0,0,0,0,0,0,1,2,0,0,0,0,0,0,0,0,0
CHAgoat132,12,0,0,0,0,0,0,0,0,0,0,1,1,1,1,0,0,0,0,0,0,0,1,0
CHAgoat133,12,0,0,0,0,0,0,0,0,0,0,0,0,0,1,1,0,0,0,0,0,0,0,0
CHAgoat134,12,0,0,0,0,0,0,0,0,0,0,0,0,1,1,0,0,0,0,0,0,0,1,0
CHAgoat135,12,0,0,0,0,0,0,0,0,0,0,0,0,1,2,1,0,0,0,0,0,0,0,0
CHAgoat137,5,2,5,0,2,0,0,1,1,0,0,1,0,0,0,0,0,0,0,1,0,0,0,0
CHAgoat138,5,0,3,0,2,0,0,1,0,0,0,0,0,0,0,0,0,2,0,1,0,0,1,0
CHAgoat139,5,0,5,0,0,1,0,1,1,0,0,2,0,0,0,0,1,1,0,1,0,0,1,1
CHAgoat140,5,2,5,0,2,0,0,1,0,0,0,2,0,0,1,1,0,1,0,1,0,1,0,0
CHAgoat141,5,0,2,0,2,1,0,1,0,0,0,2,0,0,0,0,1,2,0,1,0,0,2,0
CHAgoat142,5,0,4,0,2,0,0,1,1,0,1,3,0,0,0,0,0,1,0,0,0,0,1,0
CHAgoat143,5,1,3,1,0,0,0,1,0,0,0,1,0,0,0,0,0,0,0,0,1,1,1,0
CHAgoat144,5,0,1,1,0,0,0,3,0,0,0,1,0,0,0,3,1,0,0,0,0,0,0,0
CHAgoat145,10,1,2,0,1,0,3,0,0,0,1,0,1,0,0,0,0,0,0,0,1,0,1,0
CHAgoat146,10,0,0,2,1,2,0,0,0,0,0,0,0,0,0,2,1,1,0,0,0,0,1,0
CHAgoat147,10,0,1,1,0,0,2,0,0,1,0,1,0,0,1,2,1,0,1,0,1,1,0,1
CHAgoat148,10,0,0,0,1,1,2,0,0,1,0,2,0,0,0,1,0,1,0,0,0,0,0,1
CHAgoat149,10,0,0,0,0,0,3,0,0,1,0,1,1,0,0,1,1,0,0,0,1,1,0,0
CHAgoat150,10,0,1,0,0,1,0,0,0,3,0,0,0,0,1,3,0,1,0,1,0,1,0,1
CHAgoat151,10,1,1,1,0,1,2,0,0,1,0,2,0,0,1,0,1,0,1,0,1,0,0,0
CHAgoat152,10,2,0,0,0,1,1,0,0,0,0,1,1,0,0,1,1,0,0,0,1,1,0,1
CHAgoat153,10,0,2,0,0,0,0,0,0,0,0,0,1,0,1,0,0,0,1,0,0,0,0,0
CHAgoat154,9,1,1,0,0,0,2,0,0,0,0,1,0,0,0,0,0,1,2,0,1,0,2,0
CHAgoat155,9,1,1,0,0,0,1,1,0,0,2,0,0,0,2,0,0,0,0,0,1,0,4,0
CHAgoat156,9,0,1,0,0,0,1,0,0,1,1,1,0,0,0,0,0,0,1,0,1,0,0,0
CHAgoat157,9,0,2,0,0,0,1,0,0,1,1,1,0,0,0,0,1,1,0,0,2,1,2,1
CHAgoat158,9,0,1,0,0,1,0,0,0,1,1,1,0,0,1,0,0,1,1,0,0,1,1,1
CHAgoat159,9,0,2,0,0,0,2,0,0,1,0,1,0,0,0,0,1,0,1,0,3,2,0,1
CHAgoat160,9,0,0,1,1,0,0,1,0,2,1,0,0,0,0,0,0,1,1,1,0,0,1,0
CHAgoat161,7,2,1,0,1,0,0,0,0,0,0,0,0,0,0,3,0,0,0,0,0,0,1,0
CHAgoat162,7,0,0,0,1,0,0,0,0,0,1,0,0,0,0,2,1,0,0,1,1,0,0,0
CHAgoat163,7,0,1,0,1,0,0,0,0,0,1,0,0,0,0,2,0,0,0,1,1,0,0,0
CHAgoat164,7,0,2,0,0,0,2,1,1,0,1,2,0,0,0,4,0,0,0,2,0,0,0,0
CHAgoat165,7,0,1,0,0,0,0,0,2,0,2,1,1,0,0,2,1,0,1,0,0,0,1,0
CHAgoat166,7,0,2,0,1,0,0,0,1,0,1,0,0,0,0,1,0,0,0,0,0,0,0,0
CHAgoat167,7,0,2,0,1,0,0,0,1,0,2,0,0,0,0,1,0,0,0,0,0,0,0,0
CHAgoat168,8,1,0,0,0,0,0,1,1,1,0,0,1,0,1,0,1,1,1,0,0,1,2,0
CHAgoat169,8,1,0,0,0,0,0,1,1,0,0,1,1,1,1,0,1,0,1,0,0,2,2,0
CHAgoat170,8,1,0,0,0,1,0,1,1,0,0,1,1,0,0,0,0,0,0,0,0,1,2,1
CHAgoat171,8,0,0,0,1,0,0,0,2,0,0,2,0,1,1,0,1,0,1,1,0,1,0,1
CHAgoat172,8,1,1,0,2,1,0,1,0,1,0,0,1,0,1,1,0,0,0,1,1,1,2,0
CHAgoat173,8,0,0,0,1,1,1,0,3,2,0,2,0,0,1,1,1,0,1,1,0,2,3,0
CHAgoat174,8,0,0,0,0,1,0,0,4,2,0,0,0,0,0,1,1,0,0,0,0,4,0,0
CHAgoat175,12,0,0,0,0,0,0,0,0,0,0,0,0,0,0,0,0,0,0,0,0,0,0,0
CHAgoat176,8,0,0,0,1,0,0,0,1,0,0,2,0,0,0,0,1,0,2,0,0,3,2,0
CHAgoat177,12,0,0,0,0,0,1,0,0,0,0,0,0,1,1,0,0,1,0,0,0,0,0,0
CHAgoat178,12,0,0,0,0,0,0,0,0,0,0,0,0,2,1,0,0,1,0,0,0,0,0,0
CHAgoat179,12,0,0,0,0,0,0,0,0,0,0,0,0,0,2,1,0,0,0,0,0,0,0,0
CHAgoat180,12,0,0,0,0,0,0,0,0,0,0,1,0,0,0,0,0,1,0,0,0,0,0,0
CHAgoat181,12,0,0,0,0,0,0,0,0,0,0,0,0,1,0,0,0,0,0,0,0,0,0,0
CHAgoat182,12,0,0,0,0,0,0,0,0,0,0,0,0,1,0,1,0,0,0,0,0,0,0,0
CHAgoat183,12,0,0,0,0,0,0,0,0,0,0,0,0,1,0,0,0,0,0,0,0,0,0,0
CHAgoat184,12,0,0,0,0,0,0,0,0,0,0,0,0,1,0,0,0,0,0,0,0,0,0,0
CHAgoat185,12,0,0,0,0,0,0,0,0,0,0,0,0,2,0,0,0,0,0,0,0,0,0,0
CHAgoat186,12,0,0,0,0,0,0,0,0,0,0,0,0,1,2,0,0,0,0,0,0,1,0,0
CHAgoat187,12,0,1,0,0,0,1,0,0,0,0,0,0,1,1,0,0,0,0,0,1,0,0,0
CHAgoat188,12,0,0,0,1,0,0,0,0,0,0,1,0,0,1,0,0,0,1,0,0,0,1,0
CHAgoat189,12,0,0,0,1,0,0,0,0,0,0,1,0,0,1,0,0,0,0,0,0,0,1,0
CHAgoat190,8,0,0,0,0,0,1,0,4,0,0,2,0,0,0,0,0,0,1,3,1,2,3,1
CHAgoat191,8,0,0,0,1,1,0,0,2,2,0,1,0,0,0,2,0,0,0,0,1,2,1,0
CHAgoat192,8,1,0,0,1,0,0,1,3,0,0,0,0,0,0,2,0,0,0,0,1,0,2,0
CHAgoat193,8,1,0,1,1,0,0,0,1,0,0,3,0,1,0,1,1,0,2,1,0,2,0,0
CHAgoat194,8,1,0,0,0,1,0,1,4,2,0,1,0,0,0,2,0,0,0,0,0,2,0,0
CHAgoat195,8,0,0,0,0,0,1,0,2,0,0,0,0,0,0,0,1,1,1,0,0,0,2,0
CHAgoat196,8,1,0,0,1,0,0,1,1,2,0,2,0,0,1,0,0,1,2,0,0,1,2,0
CHAgoat197,8,0,0,0,1,0,0,0,2,1,0,0,0,0,2,0,0,0,2,1,0,1,4,1
CHAgoat198,8,0,0,1,1,0,0,0,1,0,0,0,1,0,1,2,0,0,1,0,1,1,3,0
CHAgoat199,8,1,0,0,2,0,0,0,0,1,0,0,0,0,0,0,1,0,1,0,0,3,1,0
CHAgoat200,8,0,0,0,0,0,0,0,2,1,0,1,0,0,0,0,1,1,1,0,0,4,3,0
CHAgoat201,8,1,0,0,1,1,0,0,3,1,0,1,2,0,0,0,0,0,2,0,0,2,2,0
CHAgoat202,8,0,0,1,1,0,0,0,3,1,0,3,1,1,1,1,2,1,0,0,0,3,1,0
CHAgoat203,8,0,0,0,2,0,0,0,1,4,0,0,0,0,1,1,1,0,1,0,0,2,2,0
CHAgoat204,8,1,0,0,0,0,0,1,7,0,0,1,0,0,0,1,0,0,1,0,0,2,3,0
CHAgoat205,8,1,0,0,1,0,1,1,4,3,0,2,0,0,0,1,1,0,1,0,0,0,1,0
CHAgoat206,8,1,0,0,0,1,0,0,2,1,0,1,0,0,0,1,0,0,2,0,0,1,0,0
CHAgoat207,8,0,0,1,0,0,0,1,2,0,0,1,1,0,1,1,0,0,0,2,0,0,4,0
CHAgoat208,8,0,0,0,2,0,1,1,0,2,0,0,1,1,1,0,0,0,1,0,0,0,1,0
CHAgoat209,8,0,0,0,1,0,0,0,1,1,0,2,0,0,0,1,0,1,1,0,0,0,2,0
CHAgoat210,8,2,0,0,0,0,0,1,3,0,0,1,0,1,1,1,0,0,1,0,0,2,2,0
CHAgoat211,11,0,3,0,0,2,0,0,0,1,1,1,0,0,1,1,0,0,0,0,0,1,0,1
CHAgoat212,11,0,0,1,0,3,0,0,1,1,0,2,0,0,0,1,0,0,0,0,0,2,3,1
CHAgoat213,11,0,4,0,0,2,1,1,0,0,0,0,0,0,1,0,0,0,0,0,0,0,2,1
CHAgoat214,11,0,0,0,0,4,1,2,1,1,0,2,0,1,2,0,0,1,1,0,0,1,2,1
CHAgoat215,11,0,4,1,0,1,1,1,0,1,0,2,0,0,0,0,0,2,2,0,0,4,3,1
CHAgoat216,11,0,2,0,1,3,1,0,0,3,2,1,0,1,0,2,0,0,2,0,0,1,1,1
CHAgoat217,11,0,2,1,0,2,1,1,0,5,0,2,0,0,0,0,0,1,1,0,0,1,0,1
CHAgoat218,11,0,1,0,2,1,1,0,0,1,1,4,1,0,1,2,1,1,3,0,0,1,1,1
CHAgoat219,11,0,0,0,0,3,0,0,0,2,1,2,0,0,4,0,2,0,0,0,0,1,4,0
CHAgoat220,11,0,0,0,0,1,3,0,0,0,1,2,0,0,1,0,0,0,0,0,0,2,4,0
CHAgoat221,11,0,0,0,1,3,0,0,1,1,2,3,0,0,3,0,0,0,0,0,0,0,1,0
CHAgoat222,11,0,0,0,1,2,0,1,0,0,1,3,0,0,1,0,0,0,1,0,0,1,2,0
CHAgoat223,11,0,3,0,1,2,3,0,0,1,2,5,0,0,0,1,1,0,0,1,1,3,3,0
CHAgoat224,11,0,4,0,1,4,1,0,0,0,0,1,1,1,2,1,0,1,1,0,0,1,2,1
CHAgoat225,11,0,0,0,0,1,1,0,0,1,0,0,1,0,1,0,1,2,0,1,1,1,2,0
CHAgoat226,11,0,1,0,2,1,0,1,1,1,1,2,0,0,0,1,0,1,1,0,0,0,3,0
CHAgoat227,11,0,2,0,0,3,0,0,0,2,3,1,0,0,0,0,1,0,1,0,0,0,3,0
CHAgoat228,11,0,2,0,2,1,0,1,0,1,0,1,0,0,0,0,1,0,1,0,1,0,1,0
CHAgoat229,11,0,0,0,0,1,0,0,1,0,3,1,0,0,1,0,1,1,3,1,0,1,2,0
CHAgoat230,11,0,3,0,0,4,0,2,0,0,1,1,0,1,1,0,0,0,0,0,1,1,0,0
CHAgoat231,11,0,1,0,0,3,1,0,0,0,1,0,0,0,0,1,0,1,1,0,0,1,2,0
CHAgoat232,11,0,1,0,0,2,1,3,0,0,0,3,0,0,2,0,0,1,0,0,0,2,3,2
CHAgoat233,11,0,0,0,1,1,1,2,0,0,1,2,0,0,3,0,0,2,1,2,0,3,3,1
CHAgoat234,11,0,2,0,0,3,0,0,0,0,1,1,0,0,2,1,1,0,0,1,0,1,3,0
CHAgoat235,11,0,1,0,0,1,0,0,0,1,1,3,0,0,3,0,0,0,0,0,0,0,1,0
CHAgoat236,11,0,1,0,0,0,1,0,0,0,1,4,1,0,0,0,0,1,0,1,0,0,2,0
CHAgoat237,6,2,0,0,0,0,4,1,0,3,0,0,0,0,0,0,2,1,0,0,2,1,2,1
CHAgoat238,6,0,0,0,0,0,5,0,0,1,0,0,0,0,0,3,2,1,0,0,0,1,1,0
CHAgoat239,6,1,0,0,0,0,5,2,0,1,0,0,0,0,1,0,2,0,0,1,1,1,2,0
DRZ001,22,2,0,0,4,0,3,1,0,1,0,0,1,1,5,3,0,0,10,1,3,4,9,6
DRZ002,22,0,0,0,5,0,1,2,0,0,1,0,4,0,4,3,1,2,6,1,1,1,9,1
DRZ003,22,0,4,0,1,2,5,0,0,0,1,0,1,1,3,4,1,1,0,3,0,2,5,0
DRZ004,22,0,2,1,3,1,1,0,0,0,2,0,2,2,2,2,1,1,2,0,1,4,11,1
DRZ005,22,2,0,1,3,0,3,0,0,0,0,0,2,1,4,3,0,1,5,0,1,3,2,3
DRZ006,22,0,0,0,2,1,4,0,0,0,0,0,4,0,1,2,0,2,9,1,1,1,3,1
DRZ007,22,0,0,0,4,1,4,0,0,0,0,0,5,0,0,3,0,2,9,0,0,4,5,4
DRZ008,22,0,1,1,3,1,6,2,0,0,1,0,4,1,2,5,2,1,4,3,2,2,3,1
DRZ009,22,2,0,0,3,1,3,0,0,1,0,0,5,0,1,3,0,4,9,0,2,4,2,3
DRZ010,22,0,0,0,1,3,5,1,0,1,1,0,4,0,4,4,2,3,7,2,3,6,8,2
DRZ011,22,1,1,0,4,2,3,1,0,0,0,0,0,0,3,2,0,4,5,3,0,2,7,3
DRZ012,22,0,0,0,5,1,2,1,0,0,0,0,2,0,2,4,0,1,12,1,2,4,6,2
DRZ013,22,2,0,0,2,1,3,0,0,0,0,0,4,1,2,3,0,1,6,2,0,5,1,2
DRZ014,22,0,3,1,2,1,3,2,0,1,0,0,1,0,1,6,1,1,4,0,1,2,6,1
DRZ015,22,0,1,1,1,2,2,0,0,0,0,0,1,0,1,1,1,2,5,2,1,4,8,3
DRZ016,22,0,0,1,0,0,1,0,1,1,0,0,3,1,2,3,0,2,7,1,0,5,6,3
DRZ017,22,0,0,0,2,1,2,1,0,0,1,0,2,1,2,5,1,0,9,3,0,3,6,4
DRZ018,22,1,0,0,2,1,3,0,1,0,0,0,2,1,0,8,0,1,14,1,0,1,3,2
DRZ019,22,0,0,0,5,1,1,0,0,0,0,0,1,0,4,3,0,1,3,1,1,2,4,2
DRZ020,22,1,1,0,2,1,4,0,0,0,0,0,2,0,0,4,0,1,7,2,2,5,5,1
DRZ021,22,2,0,0,3,1,3,1,0,0,0,0,0,0,0,2,0,1,8,1,2,3,5,2
DRZ022,22,0,0,1,4,2,2,1,0,0,0,0,0,0,0,4,1,2,7,0,0,2,7,2
DRZ023,22,1,0,0,3,1,3,2,0,0,0,0,0,0,2,4,0,0,4,1,2,5,4,1
DRZ024,22,1,0,0,2,1,1,0,0,0,0,0,3,0,2,2,0,1,8,1,2,4,3,2
DRZ025,22,2,0,0,2,1,3,0,0,0,0,0,2,0,1,4,0,0,4,0,2,3,3,2
DRZ026,22,1,0,0,2,2,2,2,0,0,0,0,0,0,3,2,0,1,5,0,4,3,9,2
DRZ027,22,2,0,0,4,2,4,1,0,1,0,0,0,0,3,4,0,4,7,1,0,4,4,1
DRZ028,22,2,0,1,3,0,2,1,0,2,0,0,1,0,2,9,0,1,4,0,0,3,7,1
DRZ029,22,2,0,0,2,1,1,1,0,0,1,0,1,0,1,4,0,1,8,0,0,3,6,1
DRZ030,22,2,0,0,2,1,4,1,0,1,2,0,2,0,1,3,2,1,11,2,3,3,6,4
DRZ031,22,1,0,1,6,0,2,1,0,0,0,0,2,1,3,2,0,1,8,2,2,2,7,2
DRZ032,22,2,1,0,1,0,4,1,0,2,0,0,2,0,0,4,0,0,13,0,1,2,5,1
DRZ033,22,1,1,0,1,1,2,1,0,0,0,0,1,1,1,8,0,1,6,1,2,4,5,7
DRZ034,22,1,0,0,6,1,0,1,1,0,0,0,2,1,2,2,2,1,5,2,2,1,7,3
DRZ035,22,1,0,1,2,1,5,2,1,1,0,0,2,0,4,4,0,3,6,1,1,2,7,1
DRZ036,22,1,0,0,2,1,1,0,0,0,0,0,2,0,3,5,0,3,6,1,2,1,4,4
DRZ037,22,0,1,0,4,0,1,1,0,0,0,0,1,0,1,2,0,1,5,1,2,3,7,0
DRZ038,22,1,0,0,3,1,1,0,0,0,0,0,1,1,2,2,1,1,11,1,0,0,7,1
DRZ039,22,2,0,0,4,0,3,0,0,1,0,0,2,0,0,4,1,1,6,0,1,1,3,4
DRZ040,22,1,0,0,2,1,1,2,0,0,0,0,0,0,1,5,1,2,7,1,4,4,9,3
DRZ041,22,0,1,1,3,0,2,1,1,0,1,0,0,1,3,3,0,2,4,0,2,0,6,3
DRZ042,22,2,0,0,3,0,4,1,1,0,0,0,0,0,1,3,0,0,0,1,1,5,5,2
DRZ043,22,0,4,0,1,1,4,0,0,1,0,0,0,2,4,2,5,0,1,2,0,1,4,0
DRZ044,22,1,0,0,2,0,1,0,0,0,0,0,2,1,4,2,0,2,7,1,0,2,6,3
DRZ045,22,1,1,1,1,1,2,0,0,1,0,0,1,1,3,2,2,3,4,2,2,3,6,3
DRZ046,22,0,0,0,3,1,2,1,0,2,0,0,1,0,4,2,0,2,9,1,0,3,8,2
DRZ047,22,1,0,0,1,1,3,0,0,0,0,0,2,0,6,6,1,2,9,1,1,6,5,7
DRZ048,22,0,0,0,3,2,0,0,0,0,0,0,2,0,3,3,1,1,6,1,1,1,6,3
DRZ049,22,1,0,0,2,1,3,0,0,0,0,0,2,1,1,1,0,0,8,0,0,4,5,5
DRZ050,22,4,2,1,9,2,2,0,1,1,0,0,2,0,2,8,2,2,9,2,0,5,8,3
DRZ051,22,4,3,1,1,1,5,1,0,0,0,0,2,0,1,7,1,3,5,2,1,3,12,1
DRZ052,22,1,0,0,0,1,3,2,0,0,0,0,1,0,1,3,0,1,8,2,0,3,4,0
DRZ053,22,2,0,1,2,2,5,0,0,2,0,0,2,1,0,2,1,2,7,1,0,4,5,2
DRZ054,22,1,0,1,4,0,2,2,0,0,0,0,2,0,2,3,1,2,8,1,2,1,8,2
DRZ055,22,0,0,0,0,0,2,1,0,0,0,0,1,0,4,4,2,2,3,1,0,3,4,4
DRZ056,22,1,1,0,2,1,4,0,0,0,1,0,1,0,3,2,0,2,2,0,1,3,3,1
DRZ057,22,1,0,1,3,0,3,0,0,0,0,0,1,0,2,4,3,4,1,0,0,4,5,6
DRZ058,22,0,0,0,3,3,1,0,0,0,0,0,1,0,2,6,0,3,3,1,0,4,1,1
DRZ059,22,0,1,1,1,0,5,0,1,0,0,0,2,0,2,8,1,1,3,1,2,1,7,1
DRZ060,22,0,2,0,0,2,3,1,1,0,0,0,2,0,3,2,3,3,2,0,3,6,8,3
DRZ061,22,1,1,0,3,0,3,2,1,0,0,0,1,0,4,5,2,3,4,1,1,4,3,3
DRZ062,22,0,1,0,3,0,0,1,0,1,0,0,2,1,6,3,2,1,5,0,2,3,7,1
DRZ063,22,0,1,0,2,0,5,1,0,0,0,0,3,0,5,3,2,1,3,2,2,2,4,0
DRZ064,22,0,0,1,6,1,1,1,1,2,2,0,3,1,4,5,1,0,6,1,2,3,13,1
DRZ065,22,2,0,1,4,0,2,1,0,0,0,0,4,1,6,5,0,2,1,1,1,7,7,2
DRZ066,22,0,0,0,2,1,4,0,0,1,1,0,1,0,3,5,0,0,3,1,2,1,6,2
DRZ067,22,3,0,1,2,1,1,1,0,1,1,0,3,2,5,6,1,1,2,0,4,1,11,0
DRZ068,22,0,3,0,2,0,6,1,0,1,0,0,1,1,2,5,3,1,1,3,0,2,3,1
DRZ069,22,0,2,0,2,1,1,0,1,0,0,0,2,2,1,3,0,2,3,1,0,4,7,2
DRZ070,22,0,0,0,3,0,3,3,1,0,0,0,1,1,5,5,0,2,5,1,2,6,8,2
DRZ071,22,0,0,0,3,1,2,0,1,1,0,0,2,1,2,3,1,1,5,0,1,1,4,1
DRZ072,22,0,0,0,2,0,1,1,0,0,0,0,1,0,3,6,0,1,2,0,0,2,5,2
DRZ073,22,0,0,0,2,0,0,1,2,0,0,0,1,0,3,4,0,1,2,0,0,0,4,2
DRZ074,22,1,2,2,3,0,1,0,2,0,0,0,4,1,1,6,4,6,4,0,1,5,6,3
DRZ075,22,0,0,0,2,0,0,1,0,0,0,0,1,0,5,7,3,3,4,1,0,1,10,3
DRZ076,22,1,1,0,5,1,4,1,0,1,1,0,2,0,2,5,0,2,8,0,1,2,7,4
DRZ077,22,3,0,0,4,0,5,1,0,0,0,0,1,0,1,7,0,0,7,1,1,2,7,6
DRZ078,22,1,1,0,2,1,0,0,0,0,0,0,1,0,3,4,0,0,3,0,2,5,6,2
DRZ079,22,1,1,1,1,1,2,0,1,0,1,0,3,0,1,5,0,3,2,0,1,3,4,5
DRZ080,22,0,2,0,2,0,2,0,0,0,0,0,1,1,2,7,0,1,4,0,1,7,6,2
DRZ081,22,0,1,0,4,2,2,0,1,0,1,0,2,0,1,3,0,1,3,1,2,4,6,3
DRZ082,22,1,0,1,1,1,2,0,1,0,0,0,3,1,3,1,1,0,1,1,0,5,9,4
DRZ083,22,1,0,0,1,0,4,0,0,0,0,0,2,1,3,1,1,1,5,2,0,3,3,1
DRZ084,22,0,0,0,2,0,3,1,0,0,0,0,0,0,2,2,0,0,2,0,4,4,4,2
DRZ085,22,0,2,0,3,0,2,2,0,0,0,0,2,0,3,2,1,1,4,2,0,4,10,2
DRZ086,22,3,1,0,3,0,3,0,0,0,0,0,2,1,2,3,0,1,8,1,0,3,4,4
DRZ087,22,1,1,1,2,0,1,2,1,0,1,0,1,0,2,4,2,2,9,1,2,2,8,3
DRZ088,22,0,0,0,1,1,3,0,0,0,0,0,2,0,3,5,0,1,3,1,1,5,3,6
DRZ089,22,1,2,0,6,0,2,1,0,1,0,0,2,0,0,6,0,2,5,1,2,3,4,1
DRZ090,22,1,0,0,1,0,1,1,0,0,0,0,2,0,1,4,0,0,9,2,0,4,7,3
DRZ091,22,1,2,0,2,0,2,2,0,0,1,0,3,0,3,2,1,2,7,0,0,1,10,3
DRZ092,22,1,0,0,2,1,4,0,0,2,0,0,2,0,0,3,0,2,8,1,1,3,5,2
DRZ093,22,0,0,0,6,1,2,2,0,0,0,0,1,0,4,2,0,1,7,1,2,1,10,3
DRZ094,22,1,0,0,2,0,1,3,0,0,0,0,1,0,1,5,1,3,4,1,1,2,5,1
DRZ095,22,0,0,0,1,1,2,0,1,0,2,0,2,1,3,4,2,1,2,0,0,4,11,2
DRZ096,22,0,2,0,5,1,5,0,0,2,0,0,0,2,3,2,4,0,1,2,0,0,4,0
DRZ143W0,22,0,0,1,2,1,1,0,1,0,0,0,2,0,3,8,1,2,5,1,1,1,6,1
DRZ189W0,22,0,0,0,3,0,4,1,0,0,0,0,0,0,4,3,0,3,5,0,1,2,2,1
DRZ192W1,22,0,0,0,3,3,1,0,0,0,0,0,1,0,2,6,0,3,3,1,0,4,0,1
DRZ197W1,22,1,1,0,4,0,7,0,0,0,0,0,3,0,3,5,1,3,4,1,2,3,8,2
DRZ223W1,22,0,1,0,2,0,5,1,0,0,0,0,3,0,5,3,2,1,3,2,2,2,4,0
DRZ254W1,22,0,1,2,4,0,1,0,0,1,2,0,1,1,1,2,2,3,7,1,1,3,8,1
DRZ255W1,22,1,1,0,4,0,1,0,0,0,1,0,1,0,1,4,2,1,4,0,0,2,7,4
DRZ258W0,22,1,0,1,2,0,1,0,0,1,0,0,2,0,0,4,0,2,1,0,1,3,3,2
DRZ260W1,22,0,0,0,3,0,3,2,1,0,0,0,1,1,5,5,0,2,5,1,2,6,8,2
DRZ261W1,22,0,0,0,3,1,2,0,1,1,0,0,2,2,1,3,1,1,5,0,1,1,4,1
DRZ265W0,22,0,0,1,2,0,2,1,0,0,0,0,1,0,5,7,0,2,3,0,0,2,6,2
DRZ266W0,22,2,0,1,1,1,1,0,1,0,0,0,4,0,1,2,3,6,5,0,1,8,6,3
DRZ267W0,22,0,0,0,4,1,4,3,1,0,0,0,1,1,2,7,2,3,7,0,2,5,7,2
DRZ268W0,22,0,3,1,1,0,1,0,1,0,2,0,2,0,2,5,1,2,2,1,1,2,5,1
DRZ269W0,22,2,1,2,3,0,3,0,2,2,0,0,5,0,2,3,0,2,4,0,0,2,5,3
DRZ272W1,22,0,2,1,3,0,0,0,1,0,0,0,4,0,2,8,4,3,4,1,1,6,8,1
DRZ274W0,22,3,1,1,2,1,1,0,2,1,0,0,3,0,0,2,0,3,4,0,1,3,4,6
DRZ277W0,22,2,0,0,2,0,1,1,0,0,1,0,0,0,0,3,0,4,5,1,0,3,6,2
DRZ278W0,22,1,2,2,3,0,1,0,2,0,0,0,4,1,1,6,4,7,4,0,1,5,6,3
DRZ279W1,22,1,1,0,3,0,1,2,1,0,0,0,4,2,1,5,2,2,4,2,1,3,6,4
DRZ280W0,22,1,2,1,4,0,0,0,0,0,1,0,2,0,0,3,1,1,3,0,0,3,2,5
DRZ281W0,22,1,0,1,1,0,1,1,0,1,0,0,1,0,2,6,0,4,10,0,0,0,11,1
DRZ282W1,22,0,0,0,2,0,0,1,0,0,0,0,1,0,6,7,3,3,5,1,0,1,11,3
DRZ284W1,22,1,1,1,2,0,2,1,2,0,0,0,1,1,2,6,0,3,6,0,0,0,8,0
DRZ286W0,22,2,1,1,3,0,2,1,2,0,0,0,2,1,2,6,3,6,5,0,1,2,7,1
DRZ287W1,22,0,0,0,1,1,1,0,0,1,0,0,2,0,3,4,0,3,6,0,0,4,5,2
DRZ302W1,22,0,0,0,3,1,4,0,1,0,0,0,3,0,1,9,1,0,6,1,1,1,6,2
DRZ359W1,22,1,0,0,6,0,1,2,0,0,0,0,4,1,2,1,0,2,7,0,2,5,6,5
DRZ367W1,22,2,0,1,4,0,1,1,0,0,1,0,1,0,1,0,1,3,3,0,0,0,8,3
DRZ368W1,22,2,0,1,4,0,1,1,0,0,1,0,1,0,1,0,1,3,3,0,0,0,8,3
DRZ371W1,22,2,0,0,2,0,1,1,0,0,0,0,3,1,1,2,1,1,7,2,2,3,7,3
DRZ374W1,22,1,0,0,3,2,5,1,0,0,1,0,2,0,1,2,0,1,3,1,1,3,7,3
DRZ375W1,22,1,1,0,6,0,5,1,0,0,0,0,1,0,3,1,0,2,3,0,2,1,3,3
DRZ377W1,22,0,0,0,7,0,5,1,0,0,0,0,0,0,2,3,0,1,5,0,3,2,7,2
DRZ378W1,22,0,0,0,7,0,5,1,0,0,0,0,0,0,2,3,0,1,5,0,3,2,7,2
DRZ379W0,22,0,0,0,2,0,1,1,0,0,0,0,2,0,3,6,2,4,4,1,0,5,3,3
DRZ380W0,22,0,0,0,2,0,1,1,0,0,0,0,2,0,3,6,2,4,4,1,0,5,3,3
DRZ381W1,22,2,0,0,1,0,1,1,0,0,0,0,0,0,2,7,2,1,2,0,1,1,5,4
DRZ383W0,22,3,1,2,1,0,3,1,1,1,0,0,4,0,1,4,0,1,8,0,1,2,3,2
DRZ384W1,22,2,1,3,3,0,3,1,1,0,0,0,3,1,0,2,2,0,7,0,2,1,7,2
DRZ385W1,22,0,0,0,2,0,0,1,0,0,0,0,1,0,5,7,3,3,4,1,0,1,10,3
DRZ387W0,22,0,1,1,2,1,5,2,0,0,0,0,3,0,1,6,1,0,7,0,3,6,5,2
DRZ388W0,22,2,1,2,3,0,3,0,2,2,0,0,5,0,2,3,0,2,4,0,0,2,4,3
DRZ389W1,22,2,1,1,1,0,3,1,0,1,1,0,3,0,1,5,0,1,4,0,1,3,4,2
DRZ390W1,22,1,1,1,2,0,2,1,2,0,0,0,1,1,1,6,0,3,6,0,0,0,7,0
DRZ391W0,22,2,1,0,3,0,2,1,1,0,0,0,3,0,2,4,2,1,5,0,1,5,3,3
DRZ392W0,22,2,1,1,3,0,2,1,2,0,0,0,2,1,2,6,3,6,5,0,1,2,7,1
DRZ393W0,22,0,0,0,2,0,1,1,0,0,0,0,1,0,3,6,0,1,2,0,0,2,5,2
DRZ394W1,22,0,1,2,4,0,1,0,0,1,2,0,1,1,1,3,2,3,7,1,1,3,8,1
DRZ395W0,22,1,2,1,4,0,0,0,0,0,1,0,2,0,0,3,1,1,3,0,0,3,2,5
DRZ396W0,22,1,0,1,1,0,1,1,0,1,0,0,1,0,2,6,0,5,10,0,0,0,11,1
DRZ397W0,22,1,0,1,2,0,1,0,0,1,0,0,2,0,0,4,0,2,1,0,1,3,3,2
DRZ398W1,22,0,0,0,3,1,2,0,1,1,0,0,2,1,1,3,1,1,5,0,1,1,4,1
DRZ400W1,22,1,1,0,5,0,1,0,0,0,1,0,1,0,1,4,2,1,4,0,0,2,6,4
DRZ401W0,22,2,0,0,2,0,1,1,0,0,1,0,0,0,0,3,0,4,5,1,0,3,6,2
DRZ404W1,22,0,2,1,3,0,0,0,1,0,0,0,4,0,2,8,4,3,4,1,1,6,8,1
DRZ449W1,22,0,2,0,5,1,5,0,0,2,0,0,0,2,3,2,4,0,1,2,0,1,4,0
DRZ464W0,22,1,0,0,2,1,5,2,0,0,0,0,1,0,4,3,1,3,0,0,1,0,2,4
DRZ466W0,22,0,0,0,2,0,0,0,0,0,0,0,0,2,1,1,2,1,2,1,1,0,3,0
DRZ471W0,22,1,1,1,2,0,4,0,0,1,1,0,2,0,3,2,0,2,4,0,1,1,2,2
FR_ALP0161,1,1,0,0,0,0,0,0,0,0,1,0,0,0,7,0,0,0,0,0,0,1,0,1
FR_ALP0162,1,0,0,0,0,0,0,0,0,0,0,1,0,0,6,0,1,0,0,0,0,0,0,0
FR_ALP0163,1,0,0,0,0,0,0,0,0,0,0,1,0,1,4,0,0,0,0,0,1,0,1,0
FR_ALP0164,1,0,0,0,0,0,0,0,0,0,0,0,0,0,3,0,0,0,0,0,0,0,1,0
FR_ALP0165,1,0,0,0,0,2,0,0,0,1,0,0,0,0,9,0,0,0,3,1,0,0,1,0
FR_ALP0166,1,0,0,0,0,0,0,0,0,0,0,0,0,0,12,0,0,1,0,0,0,0,0,0
FR_ALP0167,1,0,0,0,0,0,0,0,0,0,0,0,0,0,9,0,0,0,0,0,0,0,1,0
FR_ALP0168,1,0,1,0,1,0,0,0,0,0,0,2,0,0,4,0,1,0,0,0,0,0,0,0
FR_ALP0169,1,0,0,0,0,0,0,0,0,0,0,0,0,0,7,0,0,0,0,0,0,0,0,0
FR_ALP0170,1,0,0,0,0,0,0,0,0,0,0,1,0,0,8,0,0,1,0,0,0,0,0,0
FR_ALP0171,1,0,0,0,0,2,0,0,0,1,0,0,0,0,5,0,0,0,3,0,0,0,0,0
FR_ALP0172,1,0,0,0,0,0,0,0,0,0,0,1,0,1,6,1,0,0,0,0,0,0,2,0
FR_ALP0173,1,0,0,0,0,0,0,0,0,0,0,0,0,0,7,0,0,0,0,0,1,0,1,0
FR_ALP0174,1,0,0,0,0,0,0,0,0,0,0,0,0,1,10,0,0,0,0,0,0,0,0,0
FR_ALP0175,1,0,0,1,1,0,0,0,0,0,0,0,0,0,5,0,0,0,1,0,0,0,1,0
FR_ALP0176,1,0,0,1,0,0,0,0,0,0,0,2,0,0,3,0,0,0,1,0,0,0,1,0
FR_ALP0177,1,0,0,0,0,0,0,0,0,0,0,4,0,0,6,1,0,0,0,0,0,0,0,1
FR_ALP0178,1,0,0,0,0,0,0,0,0,0,0,0,0,0,9,0,0,0,0,0,1,0,0,0
FR_ALP0179,1,0,0,0,0,0,0,0,0,0,0,0,0,1,11,0,0,0,0,0,0,0,0,0
FR_ALP0180,1,0,0,1,0,0,0,0,0,0,0,1,0,0,6,0,0,0,0,0,0,0,0,0
FR_ALP0181,1,0,0,0,0,0,0,0,0,0,0,0,0,0,8,1,0,1,0,0,0,0,0,0
FR_ALP0182,1,0,0,0,0,0,0,0,0,0,0,0,0,0,8,0,0,0,0,0,0,0,0,0
FR_ALP0183,1,0,0,0,0,0,0,0,0,0,0,0,0,0,9,0,0,0,0,0,0,0,1,0
FR_ALP0184,1,0,0,0,0,0,0,0,0,0,0,1,0,0,12,0,0,0,0,0,0,0,0,0
FR_ALP0185,1,0,0,0,0,0,0,0,0,0,0,0,0,0,3,0,0,0,0,0,1,0,0,1
FR_ALP0186,1,0,0,0,1,0,0,0,0,0,0,1,0,0,8,2,0,0,0,0,0,0,1,0
FR_ALP0187,1,0,0,0,1,0,0,0,0,1,0,1,0,0,9,1,0,0,0,0,0,0,0,0
FR_ALP0188,1,1,0,0,0,0,0,0,0,0,0,1,0,0,4,1,1,1,0,0,0,0,2,0
FR_ALP0189,1,0,0,0,0,0,0,0,0,0,0,0,0,0,14,0,0,0,1,0,0,0,0,0
FR_ALP0190,1,0,0,0,0,0,1,1,0,0,0,0,0,0,7,0,0,0,0,0,0,0,0,0
FR_ALP0191,1,0,0,1,0,0,0,0,0,0,0,0,0,0,7,0,0,0,0,0,0,0,0,0
FR_ALP0192,1,0,0,0,1,0,0,0,0,0,0,0,0,0,9,0,0,0,0,0,1,0,0,0
FR_ALP0193,1,0,0,0,0,1,0,0,0,0,0,0,0,1,7,0,0,1,0,0,0,1,0,0
FR_ALP0194,1,0,0,1,0,0,0,0,0,0,0,1,0,0,12,0,0,0,0,0,1,1,0,0
FR_ALP0195,1,0,0,0,0,0,0,0,0,0,0,0,0,0,8,0,0,0,0,0,0,0,0,0
FR_ALP0196,1,0,0,0,0,0,0,0,0,0,0,1,0,0,8,0,0,1,0,0,2,0,2,0
FR_ALP0197,1,0,0,0,0,0,0,0,0,0,0,0,0,0,7,0,0,0,0,0,0,1,1,0
FR_ALP0198,1,0,0,0,0,0,0,0,0,0,0,2,0,0,7,1,0,0,0,0,0,0,0,0
FR_ALP0199,1,0,0,0,0,0,0,0,0,0,0,0,0,1,7,0,0,0,0,0,0,0,0,0
FR_ALP0200,1,0,0,0,0,0,0,0,0,0,0,1,0,0,6,1,0,0,0,0,0,1,0,0
FR_ALP0201,1,0,0,2,0,0,0,0,0,0,1,2,0,0,6,0,0,0,0,0,1,0,2,0
FR_ALP0202,1,0,0,1,0,0,0,0,0,0,0,1,0,0,3,0,0,0,1,0,0,0,1,0
FR_ALP0203,1,0,0,1,0,0,0,0,0,0,0,1,0,0,4,0,0,0,1,0,0,0,0,0
FR_ALP0204,1,0,0,0,0,1,0,0,0,0,0,0,0,0,7,0,0,0,0,0,0,0,2,0
FR_ALP0205,1,0,0,1,0,0,0,0,0,0,0,0,0,0,9,0,0,0,0,0,0,0,1,0
FR_ALP0206,1,0,0,0,0,0,0,0,0,1,0,0,0,0,7,0,0,0,0,0,0,0,0,0
FR_ALP0207,1,0,0,0,0,0,0,0,0,0,0,0,0,0,5,0,0,1,1,0,0,0,0,0
FR_ALP0208,1,0,0,0,0,1,0,0,0,0,0,0,0,1,9,1,0,0,0,0,0,0,1,1
FR_ALP0209,1,0,0,0,0,0,0,0,0,0,0,0,0,0,2,0,0,0,0,0,1,0,0,0
FR_ALP0210,1,0,0,0,0,0,0,1,0,0,0,0,0,0,10,0,0,0,0,0,0,0,1,0
FR_ALP0211,1,0,0,0,0,0,0,0,0,0,0,1,0,0,7,0,0,0,0,0,0,0,0,0
FR_ALP0212,1,0,0,0,0,0,1,0,0,0,0,1,0,0,7,0,0,1,0,0,0,0,0,0
GGZ13470,19,0,0,2,0,0,0,0,0,0,0,0,0,0,0,0,0,0,0,0,0,0,0,0
GGZ14970,19,0,1,2,0,0,0,0,0,0,0,1,1,0,0,0,0,1,1,0,0,1,1,0
GGZ16570,19,1,0,4,0,0,0,0,0,0,0,1,0,0,1,0,0,1,1,0,0,1,0,0
GGZ21370,19,0,0,1,0,0,0,0,0,0,0,1,0,0,1,0,0,0,1,0,0,1,1,0
GGZ25730,19,0,0,3,0,0,0,0,0,0,0,0,0,0,0,1,0,0,0,0,0,0,1,0
GGZ28258,19,0,0,2,0,0,0,0,0,0,0,0,0,0,0,0,1,0,0,0,0,0,0,0
GGZ31820,19,0,0,2,0,0,0,0,0,0,0,1,1,0,0,0,0,0,1,0,1,2,1,0
GGZ33720,19,0,0,5,0,0,0,0,0,0,0,0,0,0,0,0,1,0,0,0,0,0,0,0
GGZ45240,19,0,0,0,0,0,0,0,0,0,0,0,0,0,0,0,0,0,0,1,0,1,0,0
GGZ47162,19,0,0,2,0,0,0,0,0,0,0,0,0,0,0,0,0,0,0,0,0,0,0,0
GGZ48091,19,0,0,1,0,0,0,0,0,0,0,0,1,0,0,0,1,1,0,0,0,0,0,0
GGZ51770,19,0,0,0,2,0,1,0,0,0,0,2,1,0,0,0,0,0,0,1,0,0,1,0
GGZ51980,19,1,1,0,1,2,0,0,0,0,1,0,0,0,3,0,1,0,1,1,1,1,3,0
GGZ66613,19,0,0,2,0,0,0,0,0,0,0,1,0,0,0,0,0,0,0,0,0,0,0,0
GGZ70071,19,0,0,4,0,0,0,0,0,0,0,1,0,0,0,0,0,0,0,0,0,0,0,0
GGZ70720,19,0,0,0,0,0,0,0,0,0,0,2,0,0,0,0,0,0,0,0,0,1,1,0
GGZ73811,19,0,0,0,0,0,0,0,0,0,0,0,0,0,0,0,0,0,0,0,0,0,0,0
GGZ80750,19,0,0,0,0,0,0,0,0,0,0,0,1,0,0,0,0,0,0,0,0,0,1,0
GGZ82470,19,0,0,2,1,0,0,0,0,0,0,4,1,0,1,1,1,1,1,0,0,5,1,0
GGZ86970,19,0,0,0,0,0,1,0,0,0,0,0,0,0,0,0,0,0,1,0,0,0,0,0
GGZ90568,19,1,0,1,0,0,0,0,0,0,0,0,0,0,0,0,0,0,0,0,0,0,0,0
GGZ93524,19,0,0,3,0,0,0,0,0,0,0,0,0,0,1,1,0,0,0,0,0,0,1,0
GSTgoat30,12,0,0,0,0,0,0,0,0,0,0,0,0,1,0,0,0,0,0,0,0,0,0,0
GSTgoat31,12,0,0,0,0,0,0,0,0,0,0,0,0,0,0,0,0,0,0,0,0,0,0,0
GSTgoat32,12,0,0,0,0,0,0,0,0,0,0,0,0,0,0,0,0,0,0,0,0,0,0,0
GSTgoat33,12,0,0,0,0,0,0,0,0,0,0,0,0,0,0,0,0,0,0,0,0,0,0,1
GSTgoat34,12,0,0,0,1,0,0,0,0,0,0,0,0,0,1,0,0,0,0,0,0,0,0,1
GSTgoat35,12,0,0,0,0,0,1,0,0,0,0,0,2,0,3,0,0,0,0,0,0,0,0,0
GSTgoat36,12,0,0,0,1,0,0,0,0,0,0,0,0,1,1,0,0,0,0,0,0,0,1,1
GSTgoat37,12,0,0,0,0,0,0,0,0,0,0,0,0,2,2,0,0,0,0,0,0,0,1,0
GSTgoat38,12,0,0,0,0,0,0,0,0,0,0,0,0,0,2,0,0,0,0,0,0,0,0,0
GSTgoat39,12,0,0,0,0,0,0,0,0,0,0,0,0,0,0,0,0,0,0,0,0,0,0,0
GSTgoat40,5,3,3,2,2,1,0,1,0,0,1,2,0,0,0,0,1,1,0,0,0,0,0,0
GSTgoat41,5,2,3,0,0,0,0,0,1,0,1,1,0,0,1,0,0,0,0,0,1,0,0,0
GSTgoat42,5,2,5,0,0,0,0,0,0,0,1,3,0,0,1,0,0,0,0,0,0,0,0,0
GSTgoat43,5,0,8,0,1,0,0,1,0,0,0,1,1,0,0,0,1,2,0,0,2,0,3,0
GSTgoat44,5,0,5,1,0,1,0,3,0,0,0,0,0,0,0,0,1,0,0,1,0,0,1,0
GSTgoat45,3,2,0,2,1,0,0,0,0,0,0,3,0,0,0,0,0,1,0,0,0,1,0,1
GSTgoat46,3,2,0,0,0,0,1,0,0,0,0,3,1,0,0,1,0,0,0,0,0,0,2,1
GSTgoat47,3,2,0,0,0,0,0,1,1,0,0,3,0,0,0,0,0,1,1,0,0,0,1,2
GSTgoat48,3,5,0,0,0,0,0,1,0,0,0,3,0,0,1,1,0,1,0,0,0,0,3,1
GSTgoat49,3,3,0,0,0,0,0,1,0,0,0,6,0,0,1,2,0,2,1,0,0,0,1,0
GSTgoat50,3,0,0,0,1,0,2,0,0,0,0,0,0,0,1,1,0,0,0,0,0,1,1,1
GSTgoat51,3,3,1,0,0,0,0,1,0,0,0,3,0,0,0,2,0,0,1,0,1,0,1,1
GSTgoat52,3,3,0,0,0,0,0,1,1,0,0,1,0,0,0,0,0,1,1,0,0,1,2,1
GSTgoat53,3,2,0,0,0,0,0,0,1,0,0,3,0,0,2,0,0,3,2,0,0,1,1,0
GSTgoat54,3,3,0,0,0,0,0,0,0,0,0,1,0,0,1,0,0,0,0,0,0,1,2,3
GSTgoat55,3,1,1,0,1,0,1,0,2,0,0,2,0,0,1,0,0,2,0,0,0,1,3,0
GSTgoat56,3,1,0,0,1,0,0,0,0,0,0,2,0,1,0,0,0,0,1,0,0,1,1,0
GSTgoat57,3,1,0,0,0,0,0,1,0,0,0,0,0,0,0,0,0,0,2,0,0,1,3,1
GSTgoat58,3,2,0,0,0,0,0,1,1,0,0,4,0,0,1,1,0,1,0,0,0,0,3,1
GSTgoat59,3,3,0,0,1,0,1,0,1,0,0,3,0,0,1,1,0,1,0,0,0,0,2,1
GSTgoat60,3,4,0,0,1,0,0,1,1,0,0,3,0,0,0,0,0,2,1,0,0,1,0,1
GSTgoat61,3,4,1,0,0,0,0,1,0,0,0,0,0,0,1,1,0,0,0,0,1,1,0,2
GSTgoat62,3,2,0,0,0,0,0,0,0,0,0,2,0,0,2,1,0,0,1,0,0,0,2,0
GSTgoat63,3,2,0,0,1,0,0,0,1,0,0,2,0,0,1,0,0,1,1,0,0,1,2,0
GSTgoat64,12,0,0,0,0,0,0,0,0,0,0,0,0,0,0,0,0,0,0,0,0,0,0,0
GSTgoat65,12,0,0,0,0,0,0,0,0,0,0,0,0,0,0,0,0,0,0,0,0,0,0,0
GSTgoat66,12,0,0,0,0,0,0,0,0,0,0,0,0,0,0,0,0,0,0,0,0,0,0,0
GSTgoat67,12,0,0,0,0,0,0,0,0,0,0,1,0,0,0,0,0,0,0,0,0,1,0,0
GSTgoat68,12,0,0,0,0,0,0,0,0,0,0,0,0,0,0,0,0,0,0,0,0,1,0,0
GSTgoat69,12,0,0,0,0,0,0,0,0,0,0,0,0,1,0,0,0,0,0,0,0,0,0,0
GSTgoat70,12,0,0,0,0,0,0,0,0,0,0,1,0,0,0,0,0,0,0,0,0,1,0,0
GSTgoat71,12,0,0,0,0,0,0,0,0,0,0,0,0,0,0,0,0,0,0,0,0,0,0,0
GSTgoat72,12,0,0,0,0,0,0,0,0,0,0,1,0,0,0,0,0,0,0,0,0,0,0,0
GSTgoat73,12,0,0,0,0,0,0,0,0,0,0,0,0,0,0,0,0,0,0,0,0,0,0,0
GSTgoat74,12,0,0,0,0,0,0,0,0,0,0,0,0,0,0,0,0,0,0,0,0,0,0,0
GSTgoat75,12,0,0,0,0,0,0,0,0,0,0,0,0,0,0,0,0,0,0,0,0,0,0,0
GSTgoat76,12,0,0,0,0,0,0,0,0,0,0,0,0,1,0,0,0,0,0,0,0,1,1,0
GSTgoat77,12,1,0,0,1,0,0,0,0,0,0,0,0,0,1,0,0,0,0,0,0,0,1,0
GSTgoat78,12,0,0,0,0,0,0,0,0,0,0,0,0,0,2,0,0,0,0,0,0,0,0,1
IT_ALP0001,15,0,0,0,0,0,0,0,0,0,1,2,9,2,0,2,1,0,0,0,0,1,1,0
IT_ALP0003,15,0,0,0,0,0,1,0,0,0,0,1,3,1,0,0,0,0,0,1,0,0,2,0
IT_ALP0004,15,0,0,1,0,0,0,0,0,0,0,1,5,0,0,0,0,0,0,0,0,0,0,0
IT_ALP0005,15,0,0,2,0,0,1,0,0,0,0,2,3,1,0,3,0,0,0,0,0,4,3,0
IT_ALP0006,15,0,0,1,0,0,1,0,0,0,0,1,4,1,0,0,0,0,0,0,0,0,2,0
IT_ALP0007,15,0,0,0,0,1,2,0,0,0,0,0,12,0,0,1,0,0,1,0,0,0,1,0
IT_ALP0008,15,0,0,0,0,0,0,0,0,0,0,1,5,0,0,0,0,1,0,0,0,0,1,0
IT_ALP0009,15,0,0,0,0,0,1,0,0,0,1,0,4,0,0,0,0,0,0,0,0,0,2,0
IT_ALP0010,15,0,0,1,0,1,0,0,0,1,0,0,3,0,0,0,0,1,1,0,1,1,0,0
IT_ALP0011,15,0,0,0,0,0,0,0,0,0,0,0,3,0,0,0,0,0,0,0,1,0,0,0
IT_ALP0012,15,0,0,0,1,0,0,0,0,0,0,0,6,0,0,0,0,0,2,0,0,0,0,0
IT_ALP0013,15,0,0,0,0,0,0,1,0,0,0,2,10,0,0,0,0,0,0,0,0,1,0,0
IT_ALP0014,15,0,0,0,0,0,0,0,1,0,0,0,6,0,0,0,1,0,0,0,0,1,2,0
IT_ALP0015,15,0,1,0,0,0,0,0,0,0,0,1,7,0,0,0,0,3,1,0,0,0,0,0
IT_ALP0016,15,1,0,0,0,1,0,0,0,0,0,1,7,1,0,0,0,0,0,0,1,0,1,0
IT_ALP0017,15,0,0,0,0,1,0,0,0,0,0,0,4,0,0,2,0,0,0,0,0,1,0,0
IT_ALP0018,15,0,0,1,1,0,0,0,0,0,0,3,6,0,0,1,0,0,1,0,0,0,1,0
IT_ALP0019,15,1,0,0,0,0,0,1,0,0,0,4,2,0,0,0,0,2,2,0,0,0,1,1
IT_ALP0020,15,0,0,0,0,0,0,0,0,0,0,4,11,0,0,0,0,0,1,0,0,1,0,0
IT_ALP0021,15,0,0,0,1,0,0,0,0,0,0,3,6,0,0,1,0,2,1,0,0,0,1,1
IT_ALP0022,15,0,0,0,0,1,0,0,0,0,1,1,7,1,0,1,0,0,0,0,0,1,0,0
IT_ALP0023,15,0,0,1,0,0,2,0,0,0,0,1,10,0,0,0,0,0,0,0,0,0,0,0
IT_ALP0024,15,1,0,0,0,0,1,0,0,0,0,1,11,0,0,1,1,1,0,0,1,0,1,0
IT_ALP0025,15,0,0,3,0,0,0,0,0,0,0,1,3,0,0,0,0,0,0,0,0,0,1,0
IT_ALP0026,15,0,0,0,0,0,0,0,0,0,0,0,6,0,0,0,1,0,0,0,0,0,0,1
IT_ALP0027,15,1,0,0,0,0,0,0,0,0,0,0,2,0,0,0,0,0,1,0,0,0,0,0
IT_ALP0028,15,0,0,0,0,0,0,0,0,0,0,1,5,0,0,0,0,1,0,0,0,1,0,0
IT_ALP0029,15,0,0,3,0,0,1,0,0,0,0,0,1,0,0,0,0,1,0,0,0,0,0,0
IT_ALP0030,15,0,0,1,0,0,0,0,0,0,0,0,4,0,0,1,0,1,0,0,0,0,0,0
IT_ALP0031,15,0,0,1,0,0,0,0,1,0,0,0,3,0,0,1,0,0,0,0,0,0,0,0
IT_ALP0032,15,0,0,0,0,0,0,0,0,0,0,0,7,0,0,0,0,1,0,0,0,0,1,0
IT_ALP0033,15,1,0,3,0,0,0,0,0,0,0,0,3,0,0,0,0,0,0,0,0,0,0,0
IT_ALP0034,15,0,0,0,0,0,0,0,0,0,0,1,6,0,0,1,0,0,0,0,0,2,0,0
IT_ALP0035,15,0,0,0,0,0,0,0,0,0,0,1,4,0,0,0,0,0,0,0,0,1,0,1
IT_ALP0036,15,0,0,1,0,0,0,0,0,0,0,0,5,0,0,0,0,0,0,0,0,0,0,0
IT_ALP0037,15,0,0,0,0,0,0,0,0,0,0,0,4,0,0,0,0,0,1,0,0,1,0,0
IT_ALP0038,15,1,0,0,0,3,1,0,0,0,0,1,14,0,0,1,0,1,0,0,0,0,1,1
IT_ALP0039,15,1,0,0,0,0,0,0,0,0,0,1,9,0,0,0,1,0,0,0,0,0,1,0
IT_ALP0040,15,1,0,1,0,0,1,0,0,0,0,0,3,0,0,0,0,1,0,0,0,0,0,0
IT_ALP0041,15,0,0,0,0,0,0,0,0,0,0,0,8,0,0,0,0,0,1,0,0,0,0,0
IT_ALP0042,15,1,0,1,0,0,0,0,0,0,0,0,4,0,0,0,0,1,0,0,0,0,1,0
IT_ALP0043,15,1,0,1,0,1,0,0,0,0,0,1,2,0,0,0,0,1,0,0,0,0,0,0
IT_ALP0044,15,0,0,0,0,0,0,0,0,0,0,0,5,0,0,0,0,1,0,0,0,0,0,0
IT_ALP0045,15,0,0,0,0,0,0,0,1,0,0,0,4,0,0,2,0,0,0,0,0,1,0,0
IT_ALP0046,15,0,0,0,0,1,0,0,0,0,0,2,3,0,0,0,0,0,0,0,0,0,0,0
IT_ALP0047,15,1,0,0,0,0,0,0,0,0,0,0,4,0,0,0,0,0,1,0,0,0,0,0
IT_ALP0048,15,0,0,0,0,0,0,0,0,0,0,0,6,0,0,1,0,0,0,0,0,0,0,1
IT_ALP0049,15,0,0,0,0,1,0,0,0,0,0,1,2,0,0,0,0,1,0,0,0,0,0,0
IT_ALP0050,15,0,0,0,0,0,0,0,1,0,0,0,11,0,0,0,0,0,0,0,0,0,0,0
IT_ALP0051,15,0,0,1,0,0,0,0,0,0,0,0,1,0,0,0,0,1,0,0,0,0,0,1
IT_ALP0052,15,0,0,1,0,0,0,0,0,0,0,0,5,0,0,1,0,1,0,0,0,0,0,0
IT_ALP0053,15,0,0,0,0,0,0,0,0,0,0,0,5,0,0,1,0,1,0,0,0,1,0,0
IT_ALP0054,15,0,0,0,0,0,1,0,0,0,0,0,9,0,0,0,0,1,0,0,0,0,1,0
IT_ALP0055,15,0,0,1,0,0,0,0,0,0,0,0,9,0,0,0,0,0,0,0,0,0,1,0
IT_ALP0056,15,0,0,0,0,0,0,0,0,0,0,0,5,0,0,1,0,0,0,0,0,0,0,0
IT_ALP0057,15,0,0,0,0,0,0,0,1,0,0,0,4,0,0,0,0,0,0,0,0,0,0,0
IT_ALP0058,15,0,0,0,0,0,0,0,0,0,0,0,6,0,0,2,0,1,0,0,0,0,0,0
IT_ALP0059,15,0,0,3,0,0,0,0,0,0,0,0,2,0,0,0,0,0,0,0,0,1,0,0
IT_ALP0060,15,0,0,0,0,0,1,0,0,0,0,1,11,0,0,0,1,1,0,0,0,0,1,0
IT_ALP0061,15,0,1,0,0,0,0,0,0,0,0,0,8,0,0,1,0,0,1,0,0,0,0,0
IT_ALP0062,15,0,0,2,0,0,0,0,0,1,0,0,3,0,0,0,0,0,0,0,0,1,0,0
IT_ALP0063,15,0,1,1,0,0,0,0,1,0,0,1,3,0,0,0,0,0,0,0,0,0,0,0
IT_ALP0064,15,0,0,1,0,0,0,0,1,0,0,1,2,0,0,0,0,0,0,0,0,1,0,0
IT_ALP0065,15,0,0,0,0,0,1,0,0,0,0,0,7,0,0,0,0,0,0,0,0,0,1,1
IT_ALP0066,15,0,0,1,0,0,0,0,0,0,0,0,4,0,0,0,0,0,0,0,0,0,0,0
IT_ALP0067,15,0,0,1,0,0,0,0,0,0,0,0,4,0,0,0,1,0,0,0,0,0,1,0
IT_ALP0068,15,0,0,3,0,0,0,0,0,0,0,2,4,0,0,0,0,0,0,0,0,1,0,0
IT_ALP0069,15,2,0,1,0,0,0,0,0,0,0,0,2,0,0,0,0,1,0,0,0,1,1,0
IT_ALP0070,15,0,0,2,0,0,0,0,0,0,0,0,6,0,0,0,0,1,0,0,0,0,1,0
IT_ALP0071,15,0,0,0,0,1,0,0,1,0,0,1,10,0,0,0,0,0,0,0,0,0,0,0
IT_ALP0072,15,0,0,1,0,0,1,0,0,0,0,0,5,0,0,0,0,1,0,0,0,1,0,0
IT_ALP0073,15,0,0,0,0,0,0,1,0,0,0,1,2,0,0,0,0,0,0,0,0,1,0,0
IT_ALP0074,15,1,0,1,0,0,0,0,0,0,0,0,4,0,0,0,0,1,0,0,0,0,0,0
IT_ALP0075,15,1,0,0,0,0,1,0,0,0,0,0,12,0,0,1,0,0,0,0,0,0,0,1
IT_ALP0076,15,0,0,0,0,0,0,0,0,0,0,0,5,0,0,0,0,0,0,0,0,0,0,0
IT_ALP0077,15,0,0,1,0,0,0,0,0,0,0,1,5,0,0,0,0,0,0,0,0,0,1,0
IT_ALP0078,15,0,0,0,0,0,0,0,0,0,0,0,7,0,0,1,0,0,0,0,0,0,1,0
IT_ALP0079,15,1,0,0,0,0,0,0,0,0,0,2,5,0,0,0,0,0,0,0,0,0,1,0
IT_ALP0080,15,0,0,1,0,0,0,0,0,0,0,2,5,0,0,0,0,0,0,0,0,0,0,0
IT_ALP0081,15,0,0,1,0,1,0,0,0,0,0,1,7,0,0,0,0,0,0,0,0,0,0,0
IT_ALP0082,15,0,0,0,0,0,1,0,0,0,0,0,10,0,0,0,0,0,1,0,0,0,1,0
IT_ALP0083,15,0,0,3,0,0,0,0,0,0,0,0,2,0,0,0,0,1,0,0,0,1,0,0
IT_ALP0084,15,0,0,2,0,0,0,0,0,0,0,1,6,0,0,1,0,0,0,0,0,0,1,0
IT_ALP0085,15,1,0,3,0,0,1,0,0,0,0,1,2,0,0,0,0,1,0,0,0,0,1,0
IT_ALP0086,15,0,0,0,0,0,0,0,0,0,0,0,5,0,0,0,0,0,0,0,0,0,0,1
IT_ALP0087,15,0,0,0,0,0,0,0,1,0,0,1,3,0,0,1,0,0,0,0,0,0,0,0
IT_ALP0088,15,0,0,4,0,0,0,0,0,0,0,0,2,0,0,0,0,0,0,0,0,1,0,0
IT_ALP0089,15,1,0,0,0,0,0,0,1,0,0,0,2,0,0,1,0,0,0,0,0,0,0,0
IT_ALP0090,15,0,0,2,0,0,0,0,1,0,0,0,3,0,0,0,0,0,0,0,0,1,0,0
IT_ALP0091,15,0,0,0,0,0,0,0,1,0,0,2,5,0,0,0,0,1,0,0,0,0,0,0
IT_ALP0092,15,0,0,1,0,0,0,0,0,0,0,0,3,0,0,0,0,0,0,0,0,0,0,0
IT_ALP0093,15,0,0,0,0,0,0,0,0,0,0,1,6,0,0,0,0,0,0,0,0,0,0,0
IT_ALP0094,15,0,0,4,0,0,0,0,0,0,0,1,3,0,0,0,0,1,0,0,0,0,0,0
IT_ALP0095,15,0,0,2,0,0,0,0,0,0,0,0,1,0,0,0,0,0,1,0,0,0,0,0
IT_ALP0096,15,1,0,0,0,0,0,0,0,0,0,0,5,0,0,0,0,0,0,0,0,0,1,0
IT_ALP0097,15,0,0,0,0,0,1,0,0,0,0,0,7,0,0,1,0,0,1,0,0,0,0,0
IT_ALP0098,15,0,0,0,0,0,0,0,0,0,0,0,3,0,0,0,2,0,0,0,0,2,0,0
IT_ALP0099,15,0,0,0,0,0,0,0,0,0,0,0,3,0,0,1,0,0,0,0,0,1,0,0
IT_ALP0100,15,0,0,2,0,0,0,1,0,0,0,0,1,0,0,0,0,0,0,0,0,0,0,0
IT_ALP0101,15,0,0,3,0,0,0,0,0,0,0,1,3,0,0,0,0,1,0,0,0,0,0,0
IT_ALP0102,15,0,0,4,0,0,0,0,0,0,0,0,3,0,0,0,0,0,0,0,0,0,0,0
IT_ALP0103,15,0,0,2,0,0,0,0,0,0,0,0,5,0,0,0,0,1,0,0,0,1,0,0
IT_ALP0104,15,0,0,2,0,0,0,0,0,0,0,0,1,0,0,0,0,0,0,0,0,1,0,0
IT_ALP0105,15,1,0,3,0,0,0,0,0,0,0,2,4,0,0,0,0,0,0,0,0,0,0,0
IT_ALP0106,15,1,0,0,0,0,1,0,0,0,0,0,9,0,0,0,0,0,0,0,1,0,1,0
IT_ALP0107,15,0,0,0,0,1,0,0,0,0,0,0,4,0,0,0,0,1,0,0,0,0,0,0
IT_ALP0108,15,0,0,0,0,0,0,0,0,0,0,0,9,0,0,0,0,0,1,0,0,0,0,0
IT_ALP0109,15,0,0,1,0,0,0,0,0,0,0,0,0,0,0,0,0,1,0,0,0,0,0,0
IT_ALP0110,15,0,0,1,0,0,0,0,0,1,0,0,1,0,0,0,0,0,0,0,0,0,1,0
IT_ALP0111,15,0,0,2,0,0,0,0,0,0,0,0,4,0,0,0,0,1,0,0,0,1,0,0
IT_ALP0112,15,0,0,0,0,0,0,0,0,0,0,0,2,0,0,0,0,1,0,0,0,1,0,0
IT_ALP0113,15,0,0,2,0,0,0,0,0,0,0,0,1,0,0,0,0,1,0,0,0,1,0,0
IT_ALP0114,15,0,0,2,0,0,0,0,0,0,0,1,3,0,0,0,0,0,0,0,0,0,0,0
IT_ALP0115,15,0,0,0,0,0,0,0,0,0,0,0,4,0,0,0,0,1,0,0,0,0,0,0
IT_ALP0116,15,0,0,3,0,0,0,0,0,0,0,0,4,0,0,0,0,0,0,0,0,1,0,0
IT_ALP0117,15,1,0,1,0,0,0,0,0,0,0,0,7,0,0,0,0,0,0,0,0,0,0,0
IT_ALP0118,15,0,0,0,0,0,0,0,0,0,0,0,9,0,0,0,0,0,0,0,0,0,0,0
IT_ALP0119,15,0,0,1,0,0,0,0,0,0,0,1,10,0,0,0,0,1,0,0,0,0,1,0
IT_ALP0120,15,0,0,2,0,0,0,0,0,0,0,0,2,0,0,0,0,0,0,0,0,0,0,0
IT_ALP0121,15,0,0,0,0,0,0,0,0,0,0,0,4,0,0,1,0,0,0,0,0,0,0,0
IT_ALP0122,15,1,0,5,0,0,0,0,1,0,0,1,3,0,0,0,0,1,0,0,0,0,0,0
IT_ALP0123,15,0,0,1,0,0,0,0,0,0,0,0,1,0,0,0,0,0,0,0,0,1,2,0
IT_ALP0124,15,0,0,3,0,0,0,0,0,0,0,0,3,0,0,0,1,0,0,0,0,1,0,0
IT_ALP0125,15,0,0,1,0,0,0,0,0,0,0,1,6,0,0,0,0,0,0,0,0,0,1,0
IT_ALP0126,15,0,0,1,0,0,0,0,0,0,0,1,5,0,0,0,0,0,0,0,0,0,0,0
IT_ALP0127,15,0,0,0,0,0,0,0,0,0,0,0,6,0,0,0,0,0,0,0,0,0,0,0
IT_ALP0128,15,2,0,2,0,0,1,0,0,0,0,0,3,0,0,0,0,1,0,0,0,0,1,0
IT_ALP0129,15,0,0,0,0,0,0,0,0,0,0,0,8,0,0,1,0,0,0,0,0,0,0,0
IT_ALP0130,15,0,1,2,0,0,0,1,0,0,0,1,2,0,0,0,0,0,0,0,0,1,0,0
IT_ALP0131,15,0,0,2,0,0,0,0,0,0,0,0,3,0,0,0,0,0,0,0,0,1,0,0
IT_ALP0132,15,0,0,3,0,0,0,0,0,0,0,1,1,0,0,1,0,0,0,0,0,1,0,0
IT_ALP0133,15,0,0,0,0,1,0,0,0,0,0,0,2,0,0,0,0,1,0,0,0,0,0,0
IT_ALP0134,15,1,0,4,0,0,0,0,0,0,0,1,7,0,0,0,0,0,0,0,0,0,1,0
IT_ALP0135,15,0,0,0,0,0,0,0,0,0,0,0,4,0,0,1,0,1,1,0,0,0,0,0
IT_ALP0136,15,0,0,0,0,0,1,0,0,0,0,2,10,0,0,1,1,0,0,0,0,0,0,0
IT_ALP0137,15,0,0,1,0,0,0,0,0,0,0,0,7,0,0,0,0,0,0,0,0,0,2,0
IT_ALP0138,15,0,0,1,0,0,0,0,0,0,0,0,2,0,0,0,0,0,0,0,0,0,0,0
IT_ALP0139,15,0,0,0,0,1,0,0,0,0,0,2,2,0,0,0,0,1,0,0,0,0,0,0
IT_ALP0140,15,0,0,3,0,0,0,0,0,0,0,1,5,0,0,0,0,1,0,0,0,0,0,0
IT_ALP0141,15,0,0,0,0,0,0,0,0,0,0,0,5,0,0,0,0,0,0,0,0,0,0,1
IT_ALP0143,15,1,0,2,0,0,0,0,0,0,0,1,4,0,0,0,0,1,0,0,0,1,0,0
IT_ALP0144,15,0,0,2,0,0,0,0,0,0,0,0,2,0,0,0,0,1,0,0,0,0,0,0
IT_ALP0145,15,1,1,0,0,0,1,0,0,0,0,0,5,0,0,0,0,0,0,0,0,0,0,0
IT_ALP0146,15,0,0,3,0,1,0,0,0,0,0,0,2,0,0,0,0,1,0,0,0,1,0,0
IT_ALP0147,15,0,0,1,0,0,1,0,0,0,0,0,9,0,0,1,1,2,0,0,0,0,1,0
IT_ALP0148,15,1,0,2,0,0,0,0,0,0,0,0,1,0,0,1,0,0,0,0,0,1,0,0
IT_ALP0149,15,0,0,1,0,0,0,0,0,0,0,0,6,0,0,0,0,0,0,0,0,0,1,0
IT_ALP0150,15,0,0,0,0,0,0,1,0,0,0,0,3,0,0,0,1,0,0,0,0,0,0,0
IT_ALP0151,15,0,0,1,1,0,0,0,0,0,0,1,6,0,0,0,0,0,0,0,0,0,0,1
IT_ALP0152,15,1,0,0,0,0,0,0,0,0,0,2,7,0,0,0,0,0,0,0,0,0,1,0
IT_ALP0153,15,0,0,0,0,0,1,0,0,0,0,0,6,1,0,0,0,0,0,0,0,0,0,0
IT_ALP0154,15,0,0,0,0,0,0,0,0,0,0,0,9,1,0,0,0,0,0,1,0,0,1,0
IT_ALP0155,15,1,1,2,1,3,0,0,0,0,0,2,4,1,0,0,0,1,0,1,1,0,3,0
IT_ALP0156,15,0,0,0,0,0,1,1,1,0,1,0,7,0,0,0,0,0,1,0,0,0,1,0
IT_ALP0157,15,0,0,0,0,0,0,0,0,0,0,0,8,0,0,0,0,0,1,0,0,0,0,1
IT_ALP0158,15,0,1,0,0,0,0,0,0,0,0,0,4,0,0,0,0,0,2,0,0,0,1,0
IT_ALP0159,15,0,0,1,0,0,1,0,0,0,0,0,7,0,0,0,0,1,0,0,0,0,1,0
IT_ALP0160,15,0,0,0,0,0,0,0,0,0,0,0,13,1,0,0,0,0,1,0,0,0,1,1
IT_BIO0001,14,0,2,0,2,0,1,0,0,1,1,2,1,0,0,0,3,0,3,0,0,4,4,0
IT_BIO0002,14,1,1,1,0,4,0,2,0,0,1,7,0,0,2,0,3,1,1,1,0,1,5,0
IT_BIO0003,14,2,2,0,1,0,1,0,1,1,0,7,0,0,2,0,1,1,4,2,2,2,6,1
IT_BIO0004,14,0,4,0,1,2,1,0,2,0,0,2,0,0,0,0,4,3,1,0,0,0,5,1
IT_BIO0005,14,0,1,1,0,1,0,0,1,0,0,2,0,0,1,0,4,0,0,0,0,1,2,0
IT_BIO0006,14,0,0,1,0,0,0,1,0,0,1,4,0,1,0,0,2,2,3,1,1,1,4,0
IT_BIO0007,14,0,2,0,0,1,0,0,0,0,1,4,0,0,2,0,1,3,3,0,1,0,6,1
IT_BIO0008,14,0,0,0,1,2,0,0,0,5,0,1,0,0,0,0,0,0,0,0,0,0,3,2
IT_BIO0009,14,0,0,0,0,1,0,0,0,2,0,1,0,0,0,0,1,0,1,0,0,0,2,0
IT_BIO0010,14,0,1,0,1,0,0,0,0,0,0,8,0,0,0,0,1,2,0,0,0,0,2,1
IT_BIO0011,14,1,2,0,3,0,2,0,1,1,1,4,2,0,1,0,2,1,1,0,2,3,8,0
IT_BIO0012,14,0,2,0,1,1,1,0,0,0,0,9,1,0,2,0,1,2,3,3,1,0,4,1
IT_BIO0013,14,0,4,0,3,1,0,1,1,0,1,6,1,0,2,0,1,1,1,1,0,1,9,2
IT_BIO0014,14,1,0,0,3,0,2,2,0,0,0,4,0,0,0,0,2,3,4,1,0,0,7,2
IT_BIO0015,14,0,0,0,0,0,0,0,0,2,0,1,0,0,0,0,0,0,0,1,0,0,0,0
IT_BIO0016,14,0,3,1,1,2,0,0,0,0,0,6,2,0,0,0,5,2,3,0,0,2,2,1
IT_BIO0017,14,1,1,1,0,0,0,1,0,1,2,8,1,0,1,0,2,1,2,0,2,3,6,1
IT_BIO0018,14,0,3,0,1,2,0,0,0,0,0,5,2,0,0,0,0,1,0,0,0,0,6,0
IT_BIO0019,14,1,0,0,1,1,1,0,0,0,0,5,0,0,2,0,3,1,3,0,1,3,3,0
IT_BIO0020,14,1,1,0,1,0,1,0,1,0,0,3,0,1,1,0,4,3,1,0,0,0,5,0
IT_BIO0021,14,2,2,1,2,1,0,1,0,1,0,9,0,0,1,0,4,2,0,0,0,1,3,1
IT_BIO0022,14,1,0,1,2,0,2,1,1,0,0,4,0,0,0,0,3,2,0,1,1,1,2,0
IT_BIO0023,14,0,0,0,2,1,1,0,0,2,0,6,0,0,1,0,1,0,2,1,2,3,5,0
IT_BIO0024,14,1,0,0,1,0,0,0,0,0,0,3,0,0,0,0,3,2,1,3,0,3,7,0
IT_ORO0001,13,1,2,0,0,0,0,0,0,0,0,3,0,0,1,5,0,0,1,0,0,0,5,0
IT_ORO0002,13,1,3,0,0,0,2,0,0,0,0,3,0,0,0,6,0,0,0,1,0,0,5,0
IT_ORO0003,13,2,3,0,0,0,0,0,0,0,0,0,1,0,0,8,0,1,0,2,0,0,3,0
IT_ORO0004,13,0,4,1,1,0,1,0,0,0,0,0,0,0,0,4,0,0,0,0,0,0,5,0
IT_ORO0005,13,2,1,0,1,0,1,0,0,0,0,3,1,1,0,7,0,0,0,1,0,0,3,0
IT_ORO0006,13,0,1,0,0,0,1,1,1,0,1,1,0,1,0,2,0,0,0,1,0,0,3,0
IT_ORO0007,13,1,1,1,1,1,3,0,0,0,0,2,1,0,0,4,0,0,0,0,0,0,4,0
IT_ORO0008,13,1,4,0,0,0,0,0,0,0,1,0,0,1,2,7,0,0,2,0,0,1,6,0
IT_ORO0009,13,0,0,0,2,0,1,0,0,0,0,5,0,0,0,4,0,0,0,0,0,0,1,0
IT_ORO0010,13,3,2,0,1,3,3,0,0,1,1,1,0,0,0,4,0,2,1,2,0,0,9,0
IT_ORO0011,13,2,2,1,1,0,2,0,0,0,0,1,0,0,0,5,0,0,0,0,0,0,5,0
IT_ORO0012,13,1,2,1,0,0,2,0,0,0,0,0,1,0,0,3,0,0,0,0,0,0,4,0
IT_ORO0013,13,1,2,0,3,0,4,1,0,1,1,2,0,0,0,5,0,0,1,1,0,0,5,0
IT_ORO0014,13,0,3,0,1,0,0,0,0,0,0,3,0,0,0,7,0,2,1,0,0,0,4,0
IT_ORO0015,13,2,4,0,2,0,2,0,0,1,1,3,0,0,0,3,0,0,0,0,0,0,6,0
IT_ORO0016,13,0,3,0,2,0,1,0,0,0,0,3,0,0,1,6,0,2,0,0,0,0,3,0
IT_ORO0017,13,3,4,0,0,0,1,1,0,0,1,2,2,1,0,8,0,0,0,2,0,0,2,0
IT_ORO0018,13,1,3,0,1,1,0,1,0,0,1,1,0,0,0,9,0,1,0,0,0,0,5,0
IT_ORO0019,13,1,1,0,1,0,0,0,0,0,0,2,1,0,1,4,0,2,0,0,0,3,4,0
IT_ORO0020,13,1,3,0,1,0,0,1,1,0,0,1,0,0,0,7,0,1,2,1,0,0,2,0
IT_ORO0021,13,1,3,0,1,1,0,0,0,0,0,3,0,1,0,8,0,0,0,1,0,0,3,0
IT_ORO0022,13,1,1,0,1,0,0,0,0,0,0,1,0,1,0,6,0,0,0,1,0,0,5,0
IT_ORO0024,13,1,4,0,1,0,3,0,0,0,0,2,1,0,0,9,0,0,0,0,0,0,3,0
IT_VAL0001,2,1,1,0,1,0,1,2,0,0,0,3,1,1,1,3,0,0,1,0,4,0,2,0
IT_VAL0002,2,0,0,1,1,2,0,2,1,0,0,1,1,0,3,3,0,0,1,0,2,1,1,0
IT_VAL0003,2,1,1,0,1,1,2,1,0,0,0,1,3,0,2,0,0,0,0,0,1,0,3,0
IT_VAL0004,2,1,3,0,0,2,0,0,0,0,1,5,1,0,3,2,0,0,0,0,0,1,4,0
IT_VAL0005,2,0,2,0,1,0,1,1,3,0,0,4,0,0,2,1,0,0,0,0,1,3,1,0
IT_VAL0006,2,0,2,0,0,1,0,0,2,0,0,1,0,0,0,1,0,0,0,0,0,2,3,0
IT_VAL0007,2,1,1,0,0,0,0,0,0,0,0,2,1,0,2,1,0,0,0,0,0,0,2,1
IT_VAL0008,2,1,1,2,0,1,1,1,1,0,0,4,0,0,3,1,0,0,1,0,1,0,2,0
IT_VAL0009,2,0,1,0,1,1,0,0,2,0,0,3,2,1,1,3,1,0,0,1,0,0,2,0
IT_VAL0010,2,1,2,1,1,1,0,1,0,0,1,1,3,0,1,2,0,0,0,0,2,2,2,1
IT_VAL0011,2,0,2,2,2,1,0,0,0,0,1,1,2,0,2,1,2,0,1,0,1,6,3,0
IT_VAL0012,2,1,3,0,0,0,1,0,0,0,0,2,1,0,0,1,0,0,0,1,0,0,2,1
IT_VAL0013,2,0,1,1,0,0,1,1,0,0,0,1,4,0,3,2,0,0,0,2,0,1,2,1
IT_VAL0014,2,1,0,1,3,0,2,0,1,0,1,2,3,0,0,2,0,0,0,0,2,3,1,3
IT_VAL0015,2,0,3,1,1,3,0,1,0,0,0,3,2,0,5,0,0,0,1,0,0,1,2,0
IT_VAL0016,2,2,1,0,1,0,1,0,1,0,0,2,1,0,4,4,0,0,1,1,1,1,2,1
IT_VAL0017,2,2,1,0,0,0,0,0,0,0,1,4,3,0,1,1,0,0,2,0,1,2,2,0
IT_VAL0018,2,0,2,0,0,2,0,0,0,0,1,4,2,0,1,2,1,0,0,1,0,2,2,1
IT_VAL0019,2,3,3,0,1,0,0,0,0,0,0,2,2,1,1,5,2,0,2,0,1,2,8,0
IT_VAL0020,2,1,0,1,1,0,0,2,0,0,0,4,2,0,3,2,0,0,0,1,2,3,5,1
IT_VAL0021,2,1,2,0,1,2,0,1,1,0,3,0,3,0,3,2,0,0,0,1,1,1,3,0
IT_VAL0022,2,0,1,1,2,1,0,2,1,0,0,3,0,0,3,0,0,0,0,0,1,0,4,0
IT_VAL0023,2,1,3,0,3,1,0,1,1,0,0,2,0,0,2,1,0,0,0,1,0,0,4,0
IT_VAL0024,2,0,3,2,0,0,0,1,0,0,1,1,1,0,4,0,0,0,0,1,1,0,6,0
IT_VSS0001,16,1,1,0,6,0,0,1,0,1,0,5,0,0,3,2,0,1,0,3,1,0,4,0
IT_VSS0002,16,0,0,0,6,0,0,0,0,1,0,2,0,0,1,2,0,0,0,4,1,0,3,2
IT_VSS0003,16,0,0,0,5,1,0,0,0,0,0,2,0,0,0,0,0,0,0,2,0,0,1,1
IT_VSS0004,16,1,0,0,3,0,0,0,0,0,0,2,0,0,0,1,0,1,0,4,0,0,1,0
IT_VSS0005,16,0,0,0,5,1,0,0,0,0,1,4,1,0,0,1,0,1,0,4,0,0,1,1
IT_VSS0006,16,1,0,0,7,2,0,0,0,0,0,2,1,0,0,0,0,0,0,3,0,0,3,2
IT_VSS0007,16,0,0,0,5,1,1,0,0,0,1,2,3,0,0,2,2,1,0,0,0,0,2,0
IT_VSS0008,16,0,0,0,10,1,1,0,0,0,0,4,0,0,1,1,0,0,0,2,0,1,2,1
IT_VSS0009,16,0,0,0,6,0,1,0,0,0,1,2,0,1,2,3,1,0,0,7,0,2,3,2
IT_VSS0010,16,0,0,0,2,0,0,0,0,0,0,2,0,0,0,0,1,0,0,4,0,1,1,0
IT_VSS0011,16,0,1,0,2,0,0,0,0,0,0,1,0,0,0,1,2,0,0,4,0,0,1,0
IT_VSS0012,16,1,0,1,4,0,0,0,0,1,0,4,1,1,1,0,0,0,0,5,1,2,2,1
IT_VSS0013,16,1,0,0,4,0,0,0,0,0,0,2,0,0,0,2,0,1,0,1,0,1,4,0
IT_VSS0014,16,1,0,0,4,0,0,0,0,0,0,3,0,0,0,2,0,1,0,1,0,2,4,0
IT_VSS0015,16,0,1,0,5,0,0,0,0,0,1,3,0,1,1,4,0,0,0,5,1,1,1,1
IT_VSS0016,16,0,0,0,8,2,0,1,0,0,0,0,0,0,0,2,0,0,0,4,0,2,2,1
IT_VSS0017,16,0,0,0,4,0,0,2,1,0,0,3,0,0,0,2,0,0,0,4,0,2,2,0
IT_VSS0018,16,2,1,0,5,0,2,0,0,0,0,3,0,0,1,2,1,0,0,4,0,3,2,0
IT_VSS0019,16,0,0,0,3,0,0,0,0,0,1,2,0,0,2,2,0,1,0,4,0,1,1,0
IT_VSS0020,16,2,0,0,4,0,1,0,0,0,2,3,0,0,1,0,0,0,0,3,0,0,2,0
IT_VSS0021,16,1,0,0,4,0,0,0,0,0,0,2,1,0,0,0,0,0,0,4,0,1,3,0
IT_VSS0022,16,0,0,1,4,1,2,0,0,0,0,1,0,1,0,1,0,0,0,5,1,1,1,0
IT_VSS0023,16,0,0,0,6,0,0,0,1,0,1,1,1,0,0,0,1,0,0,3,0,1,3,0
IT_VSS0024,16,0,0,0,5,0,0,0,0,1,0,2,0,1,0,1,0,0,0,4,0,0,2,1
NVEgoat283,12,0,0,0,0,0,0,0,0,0,0,0,0,0,0,0,0,0,0,0,0,1,0,0
NVEgoat284,12,0,0,0,0,0,1,0,1,0,0,0,1,0,0,0,0,0,0,0,0,0,0,0
NVEgoat285,12,0,0,0,0,0,0,1,0,0,0,0,0,0,0,0,0,0,0,1,0,0,0,0
NVEgoat286,12,0,0,0,0,0,0,0,0,0,0,0,0,0,1,0,0,0,0,0,0,0,0,0
NVEgoat287,12,0,0,0,0,0,0,0,0,0,0,0,0,1,0,0,0,1,0,0,0,0,0,0
NVEgoat288,12,0,0,0,0,0,1,0,0,0,0,0,0,2,0,0,0,0,0,0,0,0,0,0
NVEgoat289,12,0,0,0,0,0,0,0,0,0,0,0,0,0,1,0,0,0,0,0,0,0,0,0
NVEgoat290,12,0,0,0,0,0,0,0,0,0,0,0,0,3,0,0,0,1,0,0,0,0,0,0
NVEgoat291,12,0,0,0,0,0,0,0,0,0,0,0,0,1,1,0,0,0,0,0,0,0,1,0
NVEgoat292,12,0,0,0,0,0,0,0,0,0,0,0,0,0,1,0,0,0,0,0,1,0,0,0
NVEgoat293,12,0,0,0,0,0,0,1,1,0,0,2,0,2,0,0,0,1,0,0,0,0,0,0
NVEgoat294,12,0,0,0,0,0,0,0,1,0,0,0,1,0,0,0,0,0,0,0,0,0,0,0
NVEgoat295,12,0,0,0,0,0,0,0,0,1,0,0,0,0,1,0,0,1,0,0,0,0,0,1
NVEgoat296,12,0,0,0,0,0,1,0,0,0,0,0,0,2,1,0,0,0,0,0,0,0,0,0
NVEgoat297,12,0,0,0,0,0,0,0,0,0,0,0,0,1,2,0,0,1,1,0,0,0,0,0
NVEgoat298,12,0,0,0,0,0,0,0,0,0,0,0,0,0,1,2,0,0,0,0,0,0,0,0
NVEgoat299,12,0,0,0,0,0,0,0,0,0,0,0,0,1,0,0,0,0,0,0,0,0,1,0
NVEgoat300,12,0,0,0,0,0,0,0,0,0,0,0,0,0,0,0,0,0,0,0,0,0,0,0
NVEgoat301,12,0,0,0,0,1,0,0,0,0,0,1,0,1,0,0,0,0,0,0,0,0,0,0
NVEgoat302,12,1,0,0,0,0,0,0,0,0,0,0,0,1,1,1,0,0,0,0,0,0,0,0
NVEgoat303,12,0,1,0,0,0,1,0,0,0,0,1,0,1,0,0,0,0,1,0,0,0,1,0
NVEgoat304,12,0,0,0,0,0,0,0,0,0,0,0,0,0,0,0,1,0,0,1,1,0,2,0
NVEgoat305,12,0,0,0,0,0,0,0,0,0,0,0,0,0,0,0,0,0,0,0,0,0,0,0
NVEgoat306,12,0,0,0,0,0,0,0,0,0,0,0,0,0,1,2,0,0,0,0,1,0,0,0
NVEgoat307,12,0,0,0,0,0,0,0,0,0,0,0,0,1,0,1,0,0,0,0,0,0,0,0
NVEgoat308,12,0,0,0,1,0,0,0,0,0,0,0,0,3,3,0,0,0,0,0,0,1,0,0
NVEgoat309,12,0,0,0,0,0,0,0,0,0,0,0,0,2,0,0,1,0,1,0,0,0,0,0
NVEgoat310,12,0,0,0,0,0,0,0,0,0,0,0,0,2,0,1,0,0,0,0,0,0,1,0
NVEgoat311,12,0,0,0,0,2,0,0,0,0,0,0,0,0,0,1,0,0,0,0,0,0,1,0
NVEgoat312,12,0,0,0,0,0,0,0,0,0,0,0,0,0,1,0,0,0,0,0,0,0,0,0
NVEgoat313,12,0,0,0,0,0,0,0,0,0,0,0,0,1,0,0,0,0,0,0,0,1,0,0
NVEgoat314,12,0,0,0,0,1,0,0,0,0,0,0,0,1,1,0,0,0,0,0,0,0,0,1
NVEgoat315,12,0,0,0,0,0,1,0,0,0,0,0,0,1,3,0,0,0,0,0,0,0,1,0
NVEgoat316,12,0,0,0,0,1,1,0,0,0,0,0,0,1,0,0,0,0,0,0,0,0,0,0
NVEgoat317,12,0,0,0,0,0,0,0,0,0,0,0,0,1,1,0,0,0,0,0,0,0,0,0
NVEgoat318,12,0,0,0,0,0,0,0,0,0,0,0,0,2,0,0,0,0,0,0,0,0,1,0
NVEgoat319,12,0,0,0,0,0,0,0,0,0,0,0,0,2,1,0,0,1,0,0,0,0,0,0
NVEgoat320,12,0,0,0,0,0,0,0,0,0,0,0,0,4,0,0,0,0,0,0,1,0,1,0
NVEgoat321,12,1,0,0,0,1,0,0,0,0,0,0,0,0,0,0,0,0,0,0,1,0,0,0
NVEgoat322,12,0,0,0,0,0,0,0,0,0,0,0,0,3,0,0,0,1,0,0,0,0,2,0
NVEgoat323,12,0,0,0,1,0,0,0,0,0,1,1,0,0,1,0,0,0,0,1,0,0,0,0
NVEgoat324,12,0,0,0,0,0,0,0,0,0,0,0,0,0,0,0,0,0,0,0,0,0,0,0
PAZ03,17,0,1,0,2,0,1,0,0,0,0,2,0,1,0,0,0,0,3,0,1,0,0,0
PAZ04,17,0,0,0,4,0,1,1,0,1,0,2,0,0,0,2,1,0,1,0,0,1,0,0
PAZ05,17,0,0,0,4,0,0,1,0,0,0,1,0,1,0,1,0,0,8,0,0,0,1,0
PAZ06,17,0,0,0,2,0,1,0,0,0,0,0,1,1,0,3,1,0,3,0,1,0,1,0
PAZ07,17,0,1,0,2,0,1,0,0,1,0,1,0,0,0,0,0,0,4,0,0,2,2,0
PAZ08,17,0,1,1,5,0,1,0,0,0,0,1,0,0,0,2,0,0,5,0,0,1,1,0
PAZ09,17,0,0,0,5,0,1,0,0,0,1,0,0,0,0,0,0,1,4,0,0,0,0,0
PAZ10,17,0,0,0,2,0,0,0,0,0,0,1,0,0,1,1,1,0,4,0,2,2,0,1
PAZ11,17,0,0,1,4,0,0,1,0,0,1,1,0,0,0,1,0,0,3,0,1,0,1,0
PAZ12,17,0,0,0,3,0,0,0,0,0,1,1,0,0,0,1,0,1,1,0,1,1,0,0
PAZ13,17,0,0,0,7,0,0,0,1,0,0,0,0,0,0,0,0,0,6,0,0,1,0,0
PAZ14,17,0,0,0,4,0,1,0,0,0,0,2,0,0,0,2,0,0,4,0,0,1,1,0
PAZ16,17,0,0,0,6,0,0,0,0,0,3,0,0,0,1,0,0,0,3,0,0,0,3,0
PAZ17,17,0,1,0,7,0,0,0,0,0,2,0,0,0,1,1,0,1,4,0,2,0,1,0
PAZ18,17,0,1,0,2,0,0,0,0,0,0,3,0,0,2,1,0,2,1,0,2,1,0,0
PAZ19,17,0,0,0,3,0,0,0,0,0,0,2,0,0,0,2,0,0,7,0,0,3,2,0
PAZ20,17,0,1,1,3,0,1,0,0,0,1,2,0,0,0,0,0,1,6,0,0,0,2,0
PAZ21,17,0,0,0,2,0,0,0,0,0,0,0,0,0,0,1,0,0,3,0,0,3,0,0
PAZ22,17,0,1,0,3,0,0,0,0,1,4,0,0,0,1,0,1,0,3,0,2,1,0,0
PAZ23,17,0,0,0,4,0,1,0,0,0,0,1,0,0,0,0,1,0,3,0,0,1,0,1
PAZ24,17,0,0,0,1,0,2,0,0,0,0,1,1,0,0,1,0,1,3,0,0,1,3,0
PEAgoat325,4,0,1,0,0,0,1,1,0,0,0,1,0,0,0,0,0,3,0,0,0,3,2,0
PEAgoat326,4,0,1,1,0,1,1,3,2,0,0,0,0,0,1,2,0,2,0,0,0,1,3,1
PEAgoat327,4,0,2,0,0,1,1,2,1,0,0,2,2,0,0,2,0,4,1,0,0,2,3,0
PEAgoat328,4,1,2,0,2,0,3,2,1,0,0,0,0,0,0,0,0,1,1,0,0,1,2,1
PEAgoat329,4,0,2,0,0,0,0,0,1,0,0,3,1,0,0,2,0,2,0,1,0,2,3,1
PEAgoat330,4,0,3,0,0,0,0,1,0,0,0,3,2,0,0,1,0,1,0,1,0,0,2,2
PEAgoat331,4,1,0,0,0,0,0,5,0,0,0,2,1,0,0,0,0,1,0,0,0,4,3,1
PEAgoat332,4,0,2,0,0,1,3,1,0,0,0,1,0,0,0,1,0,1,1,0,0,1,1,0
PEAgoat333,4,1,1,0,0,0,2,3,2,0,0,3,0,0,0,1,0,2,0,1,0,2,2,1
PEAgoat334,4,1,2,1,0,0,1,2,0,0,0,0,0,0,1,1,0,2,0,1,0,1,2,0
PEAgoat335,4,1,1,0,0,1,0,2,0,0,0,2,0,0,2,1,0,1,0,0,0,1,3,1
PEAgoat336,4,1,2,1,0,0,6,0,0,0,0,2,0,0,0,0,0,2,0,0,0,1,6,0
PEAgoat337,4,0,1,1,1,0,0,2,1,0,0,1,2,0,0,0,0,1,0,1,0,0,2,2
PEAgoat338,4,0,2,0,0,0,1,1,1,0,0,0,0,0,1,1,0,2,0,0,0,1,3,0
PEAgoat339,4,0,0,0,1,1,0,2,1,1,0,0,0,0,0,2,0,2,0,0,0,0,2,2
PEAgoat340,4,0,1,1,0,0,1,0,1,0,0,3,0,0,1,0,0,0,0,0,0,1,4,1
PEAgoat341,4,0,1,1,1,2,2,2,2,0,0,2,1,0,0,1,0,4,1,0,0,2,2,0
PEAgoat342,4,1,2,0,0,0,1,2,1,0,0,0,0,0,0,1,0,3,0,1,0,3,3,2
PEAgoat343,4,0,0,0,0,0,1,2,0,0,0,4,0,0,0,1,0,1,0,0,0,2,0,2
PEAgoat344,4,1,0,1,1,1,1,2,0,0,0,2,1,0,0,1,0,0,0,3,0,0,2,1
PEAgoat345,4,0,2,1,0,0,1,0,2,0,0,2,1,0,0,0,0,1,0,0,0,4,3,1
PEAgoat346,4,0,1,1,2,0,1,0,0,1,1,1,0,0,0,0,0,3,0,0,0,1,1,0
PEAgoat347,4,1,1,0,0,1,2,5,0,0,0,1,1,1,0,0,0,3,0,0,0,1,3,0
PEAgoat348,4,0,1,0,1,1,0,3,0,0,0,2,2,0,0,0,0,2,0,0,0,2,7,0
PEAgoat349,5,0,6,0,1,0,0,1,1,0,1,1,0,0,2,0,0,1,0,2,1,1,0,0
PEAgoat350,5,1,7,0,0,0,0,0,0,0,0,2,0,0,1,1,0,0,0,0,1,0,1,1
PEAgoat351,5,1,3,0,0,0,0,1,0,0,0,5,0,0,0,0,2,2,0,1,0,0,2,0
PEAgoat352,5,1,7,0,0,0,0,0,0,0,0,0,0,1,0,0,0,1,1,1,1,0,0,0
PEAgoat353,5,0,4,0,0,0,0,1,1,0,0,1,0,0,1,0,1,1,1,0,2,0,2,0
PEAgoat354,5,1,5,0,0,0,0,1,0,1,2,0,0,0,0,0,1,0,0,0,1,0,0,0
PEAgoat355,5,2,0,0,0,0,0,2,0,0,0,1,0,0,1,1,0,0,0,1,0,0,0,0
PIZ11920,20,1,2,0,0,2,2,0,0,0,0,2,0,0,1,2,0,2,1,1,0,0,6,3
PIZ35220,20,1,1,1,1,0,1,0,0,0,2,5,0,0,0,2,0,1,1,3,0,0,5,2
PIZ35952,20,1,2,0,4,0,1,0,0,0,1,9,0,0,0,3,0,1,1,3,0,0,9,4
PIZ36920,20,1,0,0,0,0,0,0,0,0,0,1,0,3,2,0,0,0,2,2,0,0,3,2
PIZ38752,20,1,1,0,1,0,0,0,0,0,1,4,1,1,0,2,0,1,1,2,0,0,3,3
PIZ40120,20,0,2,0,1,1,1,0,0,0,0,2,0,0,0,2,0,2,2,0,0,0,4,3
PIZ47320,20,1,1,0,2,0,0,0,0,0,2,3,1,1,1,1,1,3,2,1,1,0,7,1
PIZ48252,20,2,2,0,4,0,1,0,0,0,0,4,1,1,1,2,1,2,1,0,1,0,5,3
PIZ49590,20,1,1,2,3,0,0,0,1,0,1,5,0,0,1,0,0,1,0,0,1,0,5,3
PIZ49852,20,1,1,0,4,0,1,0,0,0,2,1,0,0,0,2,0,0,2,0,0,0,11,1
PIZ52352,20,2,1,0,3,0,0,0,0,1,2,2,0,2,0,2,0,0,1,1,1,0,11,0
PIZ55852,20,0,1,0,0,1,1,1,0,0,0,1,0,0,1,0,1,1,1,0,0,0,3,3
PIZ57952,20,0,3,0,3,0,0,0,0,0,0,3,0,1,1,1,0,2,2,1,1,0,4,2
PIZ61470,20,3,2,0,1,0,0,0,0,0,2,4,0,1,0,1,1,1,2,1,0,0,7,0
PIZ64320,20,2,1,1,4,2,0,1,0,0,1,4,0,0,1,3,0,3,0,2,1,0,4,5
PIZ67140,20,2,0,0,1,1,0,1,0,0,1,3,0,0,1,2,0,0,3,0,1,0,4,3
PIZ67152,20,2,2,0,1,0,0,0,0,0,1,2,0,0,0,3,0,2,0,1,1,0,5,3
PIZ69930,20,2,3,0,2,0,1,0,0,0,2,2,0,0,0,5,0,1,1,1,1,0,8,2
PIZ71330,20,3,2,0,3,0,0,0,0,1,2,5,0,2,0,7,0,2,3,2,1,0,7,1
PIZ72430,20,1,2,0,2,1,1,0,2,0,1,4,0,0,1,2,0,1,1,3,1,0,9,0
PIZ73152,20,0,1,1,1,0,1,0,0,0,1,0,0,1,2,2,0,0,1,1,1,0,3,5
PIZ74852,20,3,1,0,4,0,0,0,0,0,2,2,0,3,1,3,1,2,3,1,0,0,2,2
PIZ77252,20,1,0,1,1,1,0,1,0,0,0,3,1,0,0,1,2,1,1,2,1,0,3,3
PIZ81110,20,3,2,0,2,0,1,0,0,0,0,4,0,0,0,1,0,1,0,0,0,0,8,3
PIZ82020,20,1,1,0,0,1,0,1,0,0,0,3,1,1,2,3,0,1,1,1,0,0,4,4
PIZ85210,20,0,0,0,3,3,1,0,0,0,0,4,0,0,1,1,1,0,3,0,0,0,1,3
PIZ94110,20,2,2,0,1,1,0,0,0,0,1,3,0,3,1,3,0,1,0,1,1,0,7,2
PSS1,17,1,1,0,2,0,0,0,0,0,0,1,0,0,0,3,0,0,2,0,0,0,0,0
SAAgoat356,5,0,4,1,1,0,0,2,1,0,0,0,0,0,0,1,1,1,0,0,2,0,1,1
SAAgoat357,5,1,10,0,0,0,0,0,0,0,1,2,0,0,0,0,0,0,0,1,1,3,0,1
SAAgoat358,5,0,4,0,1,0,0,1,0,0,0,0,0,0,1,0,1,1,0,0,2,0,3,0
SAAgoat359,5,0,4,0,1,0,0,1,0,0,0,0,0,0,0,0,0,1,1,0,0,1,2,0
SAAgoat360,5,0,4,0,1,1,0,3,0,0,0,0,0,0,2,1,0,2,1,0,1,0,2,0
SAAgoat361,5,1,6,0,1,0,0,2,0,0,0,4,0,0,1,2,1,0,0,0,0,1,1,0
SAAgoat362,5,0,3,0,0,0,0,0,0,0,0,1,0,0,1,0,0,0,0,0,0,0,1,0
SAAgoat363,5,2,4,1,1,0,0,0,0,0,0,1,1,0,0,0,1,2,0,1,3,0,0,0
SAAgoat364,5,0,1,1,0,0,0,2,0,0,0,0,0,0,0,1,1,0,0,0,2,0,0,0
SAAgoat365,5,1,5,0,2,0,0,1,0,0,0,2,0,0,1,1,0,0,0,1,0,0,1,0
SAAgoat366,5,1,5,1,2,0,0,1,0,1,0,3,0,0,0,1,0,0,0,1,0,0,0,0
SAAgoat367,5,1,5,0,0,0,0,0,0,0,0,0,0,0,1,2,0,0,0,0,0,0,0,0
SAAgoat368,5,0,4,0,0,0,0,1,0,0,0,3,0,0,0,0,2,2,0,0,0,0,1,1
SAAgoat369,5,1,4,1,0,0,0,0,0,0,0,3,0,0,0,0,0,1,0,0,2,0,0,0
SAAgoat370,5,1,4,0,0,0,0,0,0,0,0,1,0,0,0,3,0,1,0,1,0,0,1,1
SAAgoat371,5,0,2,0,3,0,0,0,0,0,1,1,0,0,1,0,0,1,0,1,0,0,1,0
SAAgoat372,5,2,3,0,3,2,0,2,0,0,1,1,0,0,0,1,0,2,0,0,0,1,1,0
SAAgoat373,5,2,3,1,0,0,0,0,1,0,0,1,0,0,0,0,0,0,0,0,0,0,1,0
SAAgoat374,5,1,3,0,0,0,0,1,0,0,0,2,0,0,0,0,0,0,0,0,1,0,0,0
SAAgoat375,5,1,4,1,0,1,0,0,1,0,1,4,1,0,1,0,0,0,0,1,1,0,0,0
SAAgoat376,5,1,1,0,2,0,0,0,0,0,1,1,0,0,1,0,0,1,1,0,0,0,2,0
SAAgoat377,5,1,2,1,0,0,0,0,0,0,0,2,0,0,2,2,1,0,0,0,1,0,1,0
SAAgoat378,10,0,1,0,0,0,2,0,0,0,0,0,1,0,0,0,0,0,0,0,1,0,0,1
SAAgoat379,10,0,1,1,1,1,2,0,0,0,0,0,0,0,0,1,0,0,0,0,0,1,2,0
SAAgoat380,10,0,0,0,1,1,1,0,0,0,0,2,0,0,0,2,0,1,1,1,2,0,0,0
SAAgoat381,10,1,1,0,0,0,1,0,0,0,0,1,1,0,1,2,0,0,0,1,0,0,2,0
SAAgoat382,10,1,1,0,0,1,0,0,1,0,0,0,0,0,0,1,0,0,0,0,0,2,0,0
SAAgoat383,10,2,1,0,0,0,3,0,0,2,0,1,1,0,0,1,0,0,0,1,1,1,0,0
SAAgoat384,10,1,0,1,0,1,0,0,0,0,0,0,0,0,0,2,0,1,0,0,0,0,0,0
SAAgoat385,10,0,3,0,1,2,4,0,1,0,0,0,0,0,0,1,0,0,0,0,1,1,0,0
SAAgoat386,10,0,0,1,0,2,4,0,0,0,0,0,0,0,0,0,0,1,0,0,1,0,0,0
SAAgoat387,10,1,0,0,0,0,3,0,0,1,0,1,0,0,0,1,0,0,0,1,1,0,1,0
SAAgoat388,10,0,0,0,0,0,2,0,0,0,0,1,0,0,0,0,0,0,0,1,0,0,0,1
SAAgoat389,10,1,2,1,1,1,1,0,0,0,0,0,1,0,0,0,1,0,0,0,1,0,0,0
SAAgoat390,10,0,0,0,0,0,3,0,0,0,0,1,1,0,0,2,0,0,0,0,1,1,1,0
SAAgoat391,10,0,1,1,1,0,3,0,0,1,0,1,0,0,0,1,0,0,0,0,2,0,1,0
SAAgoat392,10,0,0,0,0,0,2,0,2,1,0,0,0,0,2,3,0,0,0,0,0,0,0,1
SAAgoat393,10,0,0,1,1,1,0,0,0,3,0,0,0,0,0,0,1,0,0,0,0,0,1,0
SAAgoat394,10,0,1,1,0,0,2,0,1,0,0,0,0,0,1,3,0,0,0,1,0,0,0,0
SAAgoat395,10,1,0,0,0,0,2,0,0,1,0,1,0,0,1,1,0,0,1,0,1,0,1,0
SAAgoat396,10,0,0,1,0,0,3,0,0,0,0,0,0,0,0,1,1,0,0,1,1,0,0,0
SAAgoat397,10,1,2,1,0,1,1,0,1,0,0,0,0,0,1,4,0,0,0,0,1,2,0,1
SAAgoat398,10,0,0,0,0,1,2,0,1,0,0,1,0,0,1,1,0,0,0,0,1,0,0,1
SAAgoat399,10,2,0,0,1,1,1,0,0,0,0,0,1,0,0,4,0,0,0,0,1,0,1,0
SAAgoat400,3,1,1,0,0,0,1,0,1,0,0,1,0,0,4,1,0,1,0,0,0,0,4,0
SAAgoat401,3,1,0,0,0,0,0,0,0,0,0,1,0,1,0,0,1,0,1,0,0,0,0,0
SAAgoat402,3,1,0,0,1,0,1,0,0,0,0,2,0,0,0,0,0,0,1,0,0,1,2,0
SAAgoat403,3,2,0,0,0,0,1,2,0,0,0,1,0,0,2,0,0,0,2,0,0,0,0,0
SAAgoat404,3,2,0,1,0,0,0,0,0,0,0,2,0,0,2,1,0,0,0,0,0,1,4,1
SAAgoat405,3,1,0,0,0,0,0,1,1,0,0,1,0,0,0,0,0,0,0,0,0,0,0,1
SAAgoat406,3,1,0,0,0,0,1,0,0,0,0,1,1,0,1,2,1,0,2,0,0,0,1,0
SAAgoat407,3,2,1,0,0,0,0,0,0,0,1,0,0,0,1,1,0,0,1,0,0,1,0,1
SAAgoat408,3,0,0,0,0,0,0,0,1,0,0,2,0,0,1,2,0,0,1,0,1,1,1,1
SAAgoat409,3,4,1,2,0,0,0,0,1,0,0,1,0,0,0,2,0,0,0,0,0,1,0,0
SAAgoat410,3,1,1,1,0,0,0,1,0,0,0,2,0,0,0,1,1,0,1,0,0,1,2,0
SAAgoat411,3,1,0,1,1,0,0,0,2,0,0,2,0,0,1,4,0,0,4,0,0,0,1,1
SAAgoat412,3,3,0,1,1,0,0,0,0,0,0,3,0,0,1,2,0,0,0,0,0,1,0,0
SAAgoat413,3,2,1,0,0,0,0,0,0,0,0,1,0,0,1,1,0,0,0,0,0,0,0,0
SAAgoat414,3,1,0,0,1,0,0,0,1,0,1,2,1,0,1,3,0,1,0,0,1,1,1,0
SAAgoat415,3,2,1,1,0,0,0,0,0,0,0,1,0,0,0,2,0,0,0,0,0,0,0,2
SAAgoat416,3,1,0,0,0,0,0,0,0,0,0,1,0,0,1,1,0,0,0,0,0,3,2,1
SAAgoat417,3,4,1,0,0,0,0,1,0,0,0,1,1,0,0,1,0,0,1,0,1,3,1,1
SAAgoat418,3,1,0,1,0,0,0,0,1,0,0,0,0,0,0,1,0,0,0,0,0,1,3,0
SAAgoat419,3,5,0,1,0,0,0,0,0,0,0,1,1,0,2,0,0,1,0,0,0,1,0,0
SGBgoat420,3,2,0,0,0,0,0,0,2,0,0,0,0,0,1,3,0,1,1,0,0,0,2,1
SGBgoat421,3,2,0,0,1,0,1,1,0,1,0,3,1,0,1,2,0,0,0,0,0,1,0,0
SGBgoat422,3,2,0,0,0,0,0,1,1,0,0,3,0,0,2,2,0,0,0,0,0,1,2,0
SGBgoat423,3,0,1,0,0,0,0,1,0,0,0,4,0,0,1,0,0,0,1,0,1,0,1,0
SGBgoat424,3,4,0,0,0,0,0,0,2,0,0,0,0,0,0,1,0,0,0,0,0,0,4,0
SGBgoat425,3,2,0,0,0,0,0,2,0,0,0,0,0,0,1,0,0,0,0,0,0,1,1,1
SGBgoat426,3,3,0,0,0,0,0,1,0,0,0,3,0,0,3,0,1,0,2,0,0,0,1,2
SGBgoat427,3,1,1,0,1,0,1,0,0,0,0,3,1,1,1,0,0,0,0,0,1,0,2,0
SGBgoat428,3,1,0,0,0,0,0,0,0,0,0,2,0,0,0,0,0,0,3,0,1,2,2,0
SGBgoat429,3,0,0,0,0,0,1,0,0,0,0,3,1,0,0,0,1,1,2,0,0,0,1,0
SGBgoat430,3,2,0,0,0,0,1,0,1,0,0,4,0,0,0,2,0,0,1,0,0,0,1,1
SGBgoat431,3,0,1,0,0,0,1,0,1,0,0,0,0,0,3,0,0,0,0,0,1,0,1,0
SGBgoat432,3,5,0,0,0,0,0,1,0,0,0,1,0,0,0,0,0,0,0,0,1,1,2,1
SGBgoat433,3,2,0,2,1,0,0,0,1,0,0,1,0,0,1,1,0,3,1,0,1,0,1,1
SGBgoat434,9,0,3,1,0,0,1,0,0,0,1,2,0,0,0,0,2,0,0,1,0,1,1,0
SGBgoat435,9,0,0,0,0,0,2,0,0,0,0,1,0,0,1,0,0,1,0,0,1,0,1,0
SGBgoat436,9,0,0,1,0,0,1,0,0,2,1,2,0,0,1,0,0,0,1,0,1,0,2,0
SGBgoat437,9,0,0,0,0,0,0,0,0,1,0,0,0,0,0,0,1,2,0,0,0,0,0,0
SGBgoat438,9,0,0,0,0,1,2,0,0,2,2,1,0,0,0,0,2,0,1,0,0,1,0,0
SGBgoat439,9,0,0,2,0,0,1,0,0,0,1,1,0,0,0,0,0,1,0,0,2,1,2,1
SGBgoat440,9,1,1,0,0,0,1,0,0,0,0,2,0,0,0,1,0,1,1,0,3,0,3,1
SGBgoat441,9,0,0,0,1,2,0,1,0,1,1,2,0,0,0,0,0,2,0,0,0,0,3,0
SGBgoat442,9,1,1,1,0,1,0,0,0,2,1,0,0,0,2,0,0,2,1,0,0,1,4,1
SSZ07230,23,0,1,0,2,0,0,1,0,0,1,12,2,1,3,5,3,4,6,0,1,1,0,4
SSZ12130,23,0,1,0,0,3,0,0,0,0,0,0,0,0,2,1,2,0,0,0,0,0,0,0
SSZ22620,23,1,1,0,2,0,0,0,0,0,0,7,2,0,1,6,1,3,1,1,1,1,0,1
SSZ36110,23,4,2,1,0,1,1,0,0,0,0,7,2,0,0,6,1,1,1,0,1,4,0,4
SSZ51260,23,1,0,1,2,2,1,2,1,1,0,5,1,0,0,7,1,1,6,1,0,3,0,2
SSZ52360,23,0,2,2,3,0,1,0,1,1,0,4,1,0,2,6,1,2,3,0,3,2,0,0
SSZ52620,23,0,1,1,0,0,0,1,0,0,1,8,0,2,2,2,2,3,2,0,4,3,0,3
SSZ56310,23,3,4,2,0,0,0,0,0,1,3,8,0,1,0,4,1,1,0,0,2,5,0,2
SSZ64120,23,2,1,0,1,1,0,1,0,0,0,5,2,0,1,5,1,2,1,1,1,3,0,9
SSZ74310,23,2,2,0,3,0,0,0,1,0,0,6,0,1,3,5,0,0,0,0,2,5,0,10
SSZ80820,23,0,0,1,1,4,0,1,0,0,0,5,1,0,0,3,0,0,3,0,0,0,0,6
SSZ85420,23,1,1,1,1,3,1,0,1,1,1,5,4,0,2,6,3,0,1,2,1,3,0,4
SSZ89620,23,2,1,0,0,0,0,0,0,0,0,6,0,1,2,3,2,1,2,1,2,2,0,3
SSZ89710,23,1,1,0,2,1,0,0,1,0,0,2,2,0,3,1,1,2,2,2,1,1,0,2
SSZZ00510,23,0,0,0,5,0,1,0,1,0,0,4,1,2,3,5,1,5,0,1,0,5,0,3
SSZZ10130,23,1,1,1,3,0,0,0,0,2,1,6,2,0,1,3,0,0,0,2,2,7,0,8
SSZZ11630,23,1,0,0,1,0,1,0,0,0,0,7,1,0,1,2,1,0,2,1,0,1,0,7
SSZZ32130,23,0,2,1,1,0,0,1,0,0,0,2,0,1,0,2,0,2,1,0,2,3,0,3
SSZZ40460,23,2,3,1,4,1,0,0,0,1,0,9,0,0,2,4,0,4,3,0,2,3,0,0
SSZZ43640,23,0,0,0,1,0,0,1,0,0,1,6,2,0,2,4,0,1,2,0,0,1,0,3
SSZZ49960,23,0,1,1,3,0,3,0,0,0,0,6,2,1,2,1,0,3,3,1,1,3,0,2
SSZZ50260,23,0,0,0,0,2,1,0,0,0,0,7,0,0,2,5,0,1,1,0,1,3,0,4
SSZZ72730,23,1,0,0,0,0,0,1,1,0,4,2,0,0,2,3,0,1,4,1,1,1,0,5
SSZZ76260,23,4,1,0,2,0,0,1,0,0,0,6,0,2,1,9,3,1,4,1,2,4,0,0
SSZZ78460,23,3,2,0,5,1,1,0,2,1,3,11,2,0,2,6,3,5,4,1,0,5,0,5
SSZZ78630,23,3,2,1,0,1,1,1,0,0,0,3,0,1,2,4,2,0,2,1,0,3,0,4
SSZZ82120,23,0,1,0,2,0,1,0,1,2,1,9,3,1,0,5,3,4,3,1,1,2,0,3
SSZZ83160,23,1,1,0,1,0,0,0,0,0,0,4,2,0,0,3,3,0,2,0,0,1,0,1
SSZZ86520,23,0,1,0,0,2,2,0,1,0,0,3,0,0,3,3,1,0,3,0,1,1,0,3
SSZZ87220,23,4,1,0,2,1,0,0,0,0,0,10,1,1,2,0,6,6,2,0,1,4,0,9
SSZZ89720,23,2,0,0,1,1,0,0,1,1,0,3,1,1,3,6,4,2,3,0,1,3,0,4
SSZZ99340,23,0,0,0,1,0,0,1,0,0,1,1,3,1,0,1,0,2,3,1,0,5,0,1
TA52120,21,1,2,3,1,0,0,1,0,1,0,2,0,0,0,1,0,0,0,0,1,7,11,0
TGRgoat100,4,0,2,0,0,0,0,1,1,0,0,0,0,0,0,0,0,1,0,0,0,1,5,1
TGRgoat101,4,0,2,0,0,0,0,2,2,0,0,0,0,0,0,0,0,2,0,0,0,0,4,0
TGRgoat102,4,0,1,1,0,2,1,2,1,0,0,0,1,0,1,1,0,2,0,0,0,0,5,2
TGRgoat103,4,0,2,0,1,0,2,0,0,0,0,1,2,0,0,0,0,2,0,2,0,0,5,4
TGRgoat104,4,0,1,0,0,0,0,2,1,0,0,2,2,0,0,2,0,2,0,1,0,3,2,1
TGRgoat105,4,0,1,0,0,1,2,4,0,0,0,1,1,0,0,2,0,3,0,0,0,1,2,0
TGRgoat106,4,0,3,0,0,0,2,1,2,0,0,1,0,0,0,1,0,2,1,0,0,0,2,0
TGRgoat107,4,1,1,1,0,0,0,2,3,0,0,3,1,0,0,1,0,1,0,3,0,0,3,0
TGRgoat108,4,1,0,0,0,0,1,4,0,0,0,1,0,0,1,0,0,2,0,0,0,0,2,0
TGRgoat109,4,0,3,0,0,0,6,1,0,0,0,2,0,0,0,2,0,2,0,1,0,1,3,0
TGRgoat110,4,0,2,0,0,0,3,0,0,0,0,1,0,0,0,2,0,2,0,0,0,1,8,0
TGRgoat111,4,0,2,0,0,0,1,1,1,0,0,1,0,0,0,3,0,3,0,1,0,0,4,0
TGRgoat112,3,3,1,0,0,0,0,0,0,0,0,2,0,0,1,1,0,0,2,0,0,0,2,0
TGRgoat113,3,1,0,0,0,0,0,0,1,0,0,0,0,0,2,2,0,0,0,0,0,1,3,0
TGRgoat114,3,1,0,0,0,0,0,1,0,0,0,1,0,0,1,1,1,0,3,0,0,1,2,0
TGRgoat115,3,2,0,0,0,0,0,1,0,0,0,2,0,0,2,2,1,0,2,0,0,1,3,0
TGRgoat79,12,0,0,0,1,0,0,0,0,0,0,0,0,0,0,0,0,0,0,0,0,0,0,0
TGRgoat80,12,0,0,0,0,0,0,0,0,0,0,0,1,0,1,0,0,0,0,0,0,0,0,0
TGRgoat81,12,0,0,0,0,0,0,0,0,0,0,0,0,1,2,1,0,0,0,0,1,0,3,0
TGRgoat82,12,0,0,0,0,0,0,0,0,0,0,0,0,0,1,0,0,0,0,0,0,0,0,1
TGRgoat83,12,0,0,0,1,0,0,0,0,0,0,0,0,1,2,0,0,0,0,0,0,0,2,0
TGRgoat84,12,0,0,0,0,0,0,0,0,0,0,0,0,2,0,0,0,0,0,0,0,0,0,0
TGRgoat85,12,0,0,0,0,0,0,0,0,0,0,0,1,0,0,0,0,0,0,0,0,0,0,0
TGRgoat86,12,0,0,0,0,0,1,0,0,0,0,0,1,1,3,0,0,0,0,0,0,0,0,0
TGRgoat87,12,0,0,0,0,0,0,0,0,0,0,0,0,1,1,0,0,0,0,1,1,0,0,0
TGRgoat88,12,0,0,0,0,0,0,0,0,0,0,0,1,0,1,0,0,0,0,0,0,0,2,0
TGRgoat89,12,0,0,0,0,0,0,0,0,0,0,0,0,0,0,0,0,0,0,1,0,0,0,0
TGRgoat90,12,0,0,0,0,0,0,0,0,0,0,0,1,1,1,0,0,0,0,0,0,0,0,0
TGRgoat91,12,0,0,0,0,0,1,0,0,0,0,0,0,1,0,0,0,0,0,0,0,0,0,0
TGRgoat92,12,0,0,0,0,0,0,0,0,0,0,0,0,1,0,0,0,0,0,0,0,0,0,0
TGRgoat93,4,0,1,0,0,0,1,2,1,0,0,1,1,1,0,2,0,3,0,0,0,2,1,0
TGRgoat94,4,0,3,0,0,1,1,4,1,0,0,4,2,0,0,0,0,2,1,0,0,0,2,0
TGRgoat95,4,0,1,0,0,0,0,4,2,0,0,1,1,0,0,3,0,3,0,1,0,2,2,0
TGRgoat96,4,0,0,0,0,0,0,3,1,0,0,1,0,0,0,3,0,2,0,1,0,2,2,0
TGRgoat97,4,0,2,0,1,0,1,2,2,0,0,1,0,0,0,2,0,3,0,1,0,2,3,1
TGRgoat98,4,0,1,0,1,1,3,2,2,0,0,0,1,0,0,1,0,3,2,0,0,1,3,1
TGRgoat99,4,0,2,1,1,1,1,0,0,0,0,0,1,0,0,0,0,2,0,1,0,1,3,0
TOGgoat443,9,0,0,0,0,0,1,0,0,0,1,3,0,0,1,2,1,1,0,1,0,0,2,1
TOGgoat444,9,1,0,0,0,1,0,0,0,0,0,1,0,0,0,0,1,1,0,0,1,0,0,0
TOGgoat445,9,0,2,0,0,1,2,0,0,0,1,3,0,0,0,0,1,0,1,0,2,1,2,0
TOGgoat446,9,0,0,1,0,0,0,0,0,1,1,1,0,0,0,1,0,0,1,0,1,0,1,0
TOGgoat447,9,0,1,1,0,1,2,0,0,0,0,1,0,0,0,0,1,1,0,0,2,1,2,0
TOGgoat448,9,0,2,0,0,0,1,0,0,1,1,1,0,0,0,1,1,0,1,1,2,1,1,1
TOGgoat449,9,0,0,0,0,0,2,0,0,0,2,2,0,0,1,1,0,1,0,0,1,0,3,1
TOGgoat450,7,0,0,0,1,0,0,0,0,0,1,0,0,0,1,3,0,0,0,0,0,0,0,0
TOGgoat451,7,0,2,0,0,0,1,0,2,0,1,2,0,0,0,2,1,0,0,0,0,0,0,1
TOGgoat452,7,0,2,0,0,0,1,1,1,0,1,1,0,0,1,1,0,0,0,0,1,0,1,1
TOGgoat453,7,1,1,0,0,0,1,0,1,0,0,0,0,0,0,3,0,0,0,0,0,0,0,0
TOGgoat454,7,0,2,0,0,0,0,0,2,0,1,1,0,0,0,1,1,0,1,0,0,0,1,0
TOGgoat455,7,0,3,0,0,0,0,0,4,0,3,0,0,0,0,2,1,0,1,1,0,0,0,1
TOGgoat456,7,0,2,1,1,0,0,0,0,0,1,0,0,0,0,1,1,0,0,0,0,0,0,0
TOGgoat457,7,1,2,1,0,0,1,2,1,0,0,0,0,0,0,3,0,0,0,0,1,1,0,0
TOGgoat458,7,0,1,0,1,0,2,1,0,0,1,0,0,0,1,4,0,0,0,0,0,0,1,0
TOGgoat459,7,1,0,0,0,0,0,0,1,0,2,1,0,0,0,0,0,0,0,1,0,0,0,0
TOGgoat460,7,1,1,0,0,0,0,2,0,0,1,0,1,0,0,2,0,0,0,0,0,1,0,0
TOGgoat461,7,0,1,0,0,0,1,0,0,0,2,1,0,0,0,3,0,0,0,0,0,0,0,0
TOGgoat462,7,0,2,0,1,0,0,0,0,0,1,1,1,0,0,0,0,0,0,0,0,0,0,0
TOGgoat463,7,2,2,0,0,0,0,2,0,0,0,1,0,0,0,4,0,0,0,0,0,0,1,0
TOGgoat464,7,0,2,0,0,0,0,0,1,0,0,0,0,0,0,1,0,0,0,0,0,0,0,0
TOGgoat465,7,1,1,0,0,1,0,1,1,0,1,0,0,0,0,2,0,0,0,0,1,0,0,1
TOGgoat466,7,0,1,0,0,0,0,1,1,0,2,0,0,0,0,5,1,0,1,0,0,0,0,1
TOGgoat467,7,0,1,0,0,0,0,1,0,0,3,1,0,0,0,2,0,0,0,0,0,0,1,0
TOGgoat468,7,1,0,0,0,0,0,0,1,0,1,1,0,0,0,1,1,0,1,0,0,0,1,0
TOGgoat469,7,0,1,0,0,0,1,2,0,0,0,0,0,0,0,2,1,0,1,0,0,1,0,0
TOGgoat470,7,1,1,0,1,0,0,2,1,0,0,1,0,0,0,3,0,0,0,0,0,0,1,0
TOGgoat471,7,0,1,0,0,0,0,0,0,0,0,1,1,0,0,4,1,0,1,0,1,0,0,0
TOGgoat472,7,0,2,0,0,0,0,0,0,0,1,0,0,0,0,4,0,0,0,0,0,0,1,1
TOGgoat473,7,2,1,0,0,0,1,0,0,0,1,1,1,0,0,1,1,0,0,0,0,0,1,0
TSZ01510,21,0,1,1,0,2,0,0,0,0,0,3,0,0,1,1,0,1,1,1,1,1,9,0
TSZ01810,21,0,1,0,0,0,0,0,0,0,0,4,1,0,1,3,0,1,2,0,1,4,9,0
TSZ09920,21,0,0,2,0,2,0,0,0,1,0,2,0,0,0,1,0,0,3,0,1,5,11,0
TSZ16852,21,0,1,0,0,0,0,0,0,0,0,4,1,0,1,1,0,1,1,0,0,0,11,0
TSZ22420,21,1,0,1,0,2,0,0,1,0,0,0,0,0,0,6,0,0,1,0,2,4,7,0
TSZ22810,21,1,1,1,0,1,0,1,1,0,1,5,0,0,0,2,0,1,2,0,0,4,8,0
TSZ27352,21,2,2,0,0,2,0,0,1,0,0,3,0,0,1,2,0,1,0,0,1,5,8,0
TSZ28430,21,1,0,1,0,1,0,1,0,0,0,3,1,0,0,0,0,1,2,0,0,1,8,0
TSZ32720,21,1,0,1,1,0,1,2,2,1,0,6,2,0,1,3,0,0,1,0,1,8,5,0
TSZ41820,21,0,2,1,1,0,0,0,0,0,0,1,2,0,1,4,0,0,0,0,0,5,4,0
TSZ44930,21,0,2,1,0,1,0,0,0,1,0,1,0,0,0,1,0,0,1,0,0,4,11,0
TSZ53120,21,2,0,1,0,0,1,0,0,0,0,2,1,0,0,0,0,1,1,1,1,5,10,0
TSZ56230,21,0,2,0,0,1,0,1,0,0,0,3,0,0,0,2,0,0,2,0,1,4,6,0
TSZ57740,21,0,3,2,0,2,0,1,0,0,0,2,0,0,1,3,0,0,2,0,0,4,8,0
TSZ58920,21,0,3,1,0,1,0,1,0,0,0,3,0,0,1,3,0,0,2,0,1,5,9,0
TSZ62110,21,1,1,2,0,2,0,0,0,1,0,2,0,0,0,0,0,0,1,0,0,0,9,0
TSZ64852,21,0,2,1,0,1,0,1,0,1,0,1,1,0,0,1,0,1,1,0,0,3,8,0
TSZ69110,21,1,1,1,1,1,0,1,0,0,0,2,1,0,1,1,0,1,3,0,1,3,4,0
TSZ69410,21,1,3,0,0,0,1,0,0,0,0,1,0,0,0,4,0,1,3,1,0,4,6,0
TSZ70310,21,0,0,0,0,0,0,0,0,0,0,2,1,0,2,4,0,0,2,0,1,9,10,0
TSZ72152,21,0,1,0,2,0,0,0,0,1,2,3,0,0,0,1,0,0,0,0,0,1,11,0
TSZ76510,21,0,1,2,0,1,0,0,0,0,0,5,0,0,0,0,0,0,0,0,1,2,8,0
TSZ77120,21,1,1,0,0,1,0,1,0,0,0,8,0,0,0,1,0,1,3,1,0,4,10,0
TSZ79652,21,1,4,0,0,0,0,0,0,0,0,5,1,0,0,2,0,0,1,0,0,8,6,0
TSZ81952,21,1,1,0,0,1,0,0,0,0,0,1,0,0,1,5,0,1,0,0,1,5,9,0
TSZ88630,21,1,1,1,1,1,0,0,0,1,0,3,2,0,0,0,0,0,2,0,2,7,10,0
TSZ92130,21,0,3,2,2,1,0,2,0,0,0,0,1,0,0,4,0,0,2,1,1,1,10,0
VAGgoat240,6,1,0,0,0,0,5,0,0,0,0,0,0,0,0,1,3,0,0,0,1,0,0,1
VAGgoat241,6,0,0,0,0,0,6,1,0,0,0,1,0,0,0,2,2,0,0,1,0,0,1,0
VAGgoat242,6,1,0,0,0,0,4,0,0,1,0,3,1,0,0,2,0,0,0,0,0,1,0,0
VAGgoat243,6,1,0,0,1,0,2,0,0,0,0,0,0,0,2,1,1,0,0,0,0,0,1,0
VAGgoat244,6,0,0,1,1,0,5,1,0,0,0,0,0,0,0,1,1,0,0,0,0,1,1,1
VAGgoat245,6,0,0,0,0,0,5,0,0,0,0,0,0,0,0,0,1,0,0,0,0,0,0,0
VAGgoat246,6,0,0,0,1,0,9,0,0,0,0,2,0,0,0,0,0,0,0,0,1,1,0,0
VAGgoat247,6,3,0,0,1,0,1,2,0,0,0,0,0,0,0,1,3,1,0,0,1,1,0,1
VAGgoat248,6,0,0,0,1,0,1,0,0,0,0,0,0,0,0,1,0,0,0,0,1,0,0,0
VAGgoat249,6,0,0,0,0,0,3,0,0,0,0,1,0,1,0,0,0,1,1,0,1,0,2,0
VAGgoat250,6,0,0,0,0,0,3,0,0,0,0,0,0,0,0,0,0,0,0,0,1,0,0,2
VAGgoat251,6,1,0,1,2,0,10,0,0,0,0,0,0,1,0,2,1,0,0,0,0,1,0,0
VAGgoat252,6,0,0,0,0,0,6,0,0,1,0,0,0,0,0,1,2,0,0,0,0,0,1,1
VAGgoat253,6,0,0,0,1,1,4,0,0,0,0,3,0,0,0,0,0,0,0,0,0,0,0,2
VAGgoat254,6,1,0,1,0,0,3,1,1,2,0,1,0,0,0,0,1,0,1,0,0,0,1,1
VAGgoat255,6,1,0,0,3,1,3,0,2,0,0,2,0,0,0,3,0,1,0,0,1,1,2,4
VAGgoat256,6,2,0,0,0,0,5,0,0,0,0,1,0,0,1,1,1,1,0,0,1,0,1,0
VAGgoat257,6,1,0,0,0,0,8,0,1,0,0,0,0,0,0,0,0,1,1,0,0,0,1,1
VAGgoat258,6,2,0,0,1,0,5,0,0,0,0,1,0,0,0,1,5,0,0,0,0,0,1,0
VAGgoat259,6,1,0,1,1,0,1,1,1,0,0,1,0,0,0,3,0,1,0,0,0,0,2,0
VAGgoat260,6,0,0,0,1,0,4,0,0,1,0,2,0,0,2,0,3,0,0,0,0,0,1,0
VAGgoat261,6,0,0,0,1,1,6,0,0,0,0,0,0,0,0,1,3,0,0,0,0,0,0,0
VAGgoat262,6,0,0,0,0,1,4,1,0,0,0,2,0,0,0,1,0,0,0,0,0,0,2,0
VAGgoat263,6,0,0,1,0,0,5,0,0,1,0,0,0,0,0,4,0,0,0,2,0,1,4,0
VAGgoat264,12,0,0,0,0,0,0,0,0,0,0,0,0,0,3,0,0,1,0,0,0,0,2,0
VAGgoat265,12,0,0,0,0,0,1,0,1,0,0,0,0,0,0,0,0,0,0,0,0,0,1,1
VAGgoat266,12,0,0,0,0,0,0,0,0,0,0,0,0,0,0,0,0,0,0,0,0,1,0,1
VAGgoat267,12,0,0,0,0,0,0,0,0,0,0,0,0,0,0,1,0,0,0,0,0,0,1,0
VAGgoat268,12,0,0,0,0,0,0,0,0,0,0,0,0,3,1,0,0,0,0,0,0,0,0,0
VAGgoat269,12,0,0,0,0,0,0,0,0,0,0,0,0,1,4,0,0,0,0,0,0,0,0,0
VAGgoat270,12,0,0,0,0,1,0,0,0,0,0,0,0,0,1,0,0,1,0,0,0,0,0,0
VAGgoat271,12,0,0,0,0,0,0,0,0,0,0,0,0,3,0,0,0,0,0,0,0,0,0,0
VAGgoat272,12,0,0,0,0,0,0,0,0,0,0,0,0,2,0,1,0,0,0,0,0,0,0,0
VAGgoat273,12,0,0,0,1,0,0,0,0,0,0,0,0,1,1,0,0,1,0,0,0,0,0,0
VAGgoat274,12,0,0,0,0,0,0,0,0,0,0,0,0,1,4,0,0,0,0,0,0,0,0,0
VAGgoat275,12,0,1,0,0,0,0,0,0,0,0,0,0,1,0,0,0,1,0,0,0,0,1,0
VAGgoat276,12,0,0,0,0,0,0,0,0,0,0,1,0,2,1,0,0,0,0,0,0,0,1,0
VAGgoat277,12,1,0,0,0,0,0,0,0,0,0,0,0,1,0,0,0,0,0,0,1,0,0,0
VAGgoat278,12,0,0,0,0,0,0,0,0,0,0,0,0,0,0,0,0,0,0,0,1,0,1,0
VAGgoat279,12,0,0,0,0,0,0,0,0,0,0,0,0,0,0,0,0,0,0,0,0,0,0,0
VAGgoat280,12,0,0,0,0,0,0,0,0,0,0,0,0,1,1,0,0,0,0,0,0,0,0,0
VAGgoat281,12,0,0,0,0,0,0,0,0,0,0,0,0,0,0,0,0,0,0,0,0,0,0,0
VAGgoat282,12,0,0,0,0,0,0,0,0,0,0,0,0,0,0,0,0,0,0,0,0,0,0,0
